"","Year","Month","Day","DOY","temp0.5","temp1.5","temp2.5","Depth","depth0.5","depth1.5","depth2.5","temp.avg","Stemp10","Stemp50"
"1",2020,6,18,170,16.6025,14.435,15.035,0.599032258064516,0.5,0.599032258064516,0.599032258064516,15.7528889051952,12.3375,10.6
"5",2020,6,19,171,17.57875,14.38875,14.94125,0.595161290322581,0.5,0.595161290322581,0.595161290322581,16.2484664948454,12.9291666666667,10.8
"13",2020,6,20,172,18.1225,14.49625,15.0075,0.59,0.5,0.59,0.59,16.5763417431193,12.6125,10.9875
"21",2020,6,21,173,18.32125,14.85125,15.3725,0.584838709677419,0.5,0.584838709677419,0.584838709677419,16.8420554564377,12.7958333333333,11.0041666666667
"29",2020,6,22,174,17.9275,15.04,15.2575,0.582015972135057,0.5,0.582015972135057,0.582015972135057,16.6434385482467,13.5708333333333,11.1666666666667
"37",2020,6,23,175,18.13125,15.02,15.31625,0.590418287937743,0.5,0.590418287937743,0.590418287937743,16.7725397542263,14.2541666666667,11.4958333333333
"45",2020,6,24,176,18.42875,15.17875,15.6075,0.60022373540856,0.5,0.60022373540856,0.60022373540856,17.0492010490438,14.5208333333333,11.85
"53",2020,6,25,177,18.9325,15.40125,15.695,0.610029182879377,0.5,0.610029182879377,0.610029182879377,17.4080468359755,14.1416666666667,12.0375
"61",2020,6,26,178,19.2725,15.5625,15.775,0.619834630350194,0.5,0.619834630350194,0.619834630350194,17.6634454564407,NA,NA
"69",2020,6,27,179,19.4175,15.8175,15.9875,0.629640077821012,0.5,0.629640077821012,0.629640077821012,17.861694717852,15.0958333333333,12.225
"77",2020,6,28,180,19.81125,15.905,16.27625,0.639445525291829,0.5,0.639445525291829,0.639445525291829,18.1786028407393,15.9291666666667,12.6041666666667
"85",2020,6,29,181,20.3025,16.06,16.35,0.649250972762646,0.5,0.649250972762646,0.649250972762646,18.519817149556,16.275,12.9833333333333
"93",2020,6,30,182,19.53375,16.2075,16.50375,0.659056420233463,0.5,0.659056420233463,0.659056420233463,18.1627533235139,16.5208333333333,13.2375
"101",2020,7,1,183,18.73125,16.2875,16.45125,0.66886186770428,0.5,0.66886186770428,0.66886186770428,17.7209188970448,16.8416666666667,13.5291666666667
"109",2020,7,2,184,18.515,16.2225,16.36375,0.678667315175097,0.5,0.678667315175097,0.678667315175097,17.5724630468692,16.6625,13.8166666666667
"117",2020,7,3,185,17.9425,16.105,16.23125,0.688472762645914,0.5,0.688472762645914,0.688472762645914,17.1960062410477,15.5666666666667,13.8666666666667
"125",2020,7,4,186,17.005,15.93625,16.05,0.698278210116732,0.5,0.698278210116732,0.698278210116732,16.5827796043285,15.4083333333333,13.7208333333333
"133",2020,7,5,187,17.33,15.73125,15.80625,0.708083657587549,0.5,0.708083657587549,0.708083657587549,16.6838320007086,15.1416666666667,13.6333333333333
"141",2020,7,6,188,16.895,15.6075,15.65875,0.717889105058366,0.5,0.717889105058366,0.717889105058366,16.376941748736,14.5083333333333,13.5375
"149",2020,7,7,189,16.82375,15.4825,15.5125,0.727694552529183,0.5,0.727694552529183,0.727694552529183,16.2836115766162,13.9625,13.3166666666667
"157",2020,7,8,190,16.3075,15.36,15.39,0.7375,0.5,0.7375,0.7375,15.9307323232323,14.1375,13.1833333333333
"165",2020,7,9,191,15.25125,15.21125,15.20375,0.747305447470817,0.5,0.747305447470817,0.747305447470817,15.23371219477,13.7208333333333,13.1375
"173",2020,7,10,192,14.43,14.96625,14.93125,0.757110894941634,0.5,0.757110894941634,0.757110894941634,14.636326268465,13.8041666666667,13.0166666666667
"181",2020,7,11,193,14.795,14.6975,14.6425,0.766916342412451,0.5,0.766916342412451,0.766916342412451,14.7456676187624,13.4625,12.95
"189",2020,7,12,194,15.65625,14.52625,14.48875,0.776721789883268,0.5,0.776721789883268,0.776721789883268,15.2063673360153,13.6958333333333,12.8583333333333
"197",2020,7,13,195,15.19,14.475,14.45875,0.786527237354085,0.5,0.786527237354085,0.786527237354085,14.9089624210805,13.4041666666667,12.8583333333333
"205",2020,7,14,196,15.8025,14.41375,14.40375,0.796332684824903,0.5,0.796332684824903,0.796332684824903,15.2649258046119,13.65,12.8
"213",2020,7,15,197,16.635,14.45125,14.45375,0.80613813229572,0.5,0.80613813229572,0.80613813229572,15.7995217507876,13.5375,12.8
"221",2020,7,16,198,16.66125,14.50625,14.515,0.815943579766537,0.5,0.815943579766537,0.815943579766537,15.8441082041559,13.575,12.8
"229",2020,7,17,199,17.54375,14.585,14.6,0.825749027237354,0.5,0.825749027237354,0.825749027237354,16.4306999658808,14.075,12.8083333333333
"237",2020,7,18,200,17.38375,14.7,14.71375,0.835554474708171,0.5,0.835554474708171,0.835554474708171,16.3815913270694,14.55,12.9666666666667
"245",2020,7,19,201,17.805,14.7925,14.79625,0.845359922178988,0.5,0.845359922178988,0.845359922178988,16.6861079658431,14.8083333333333,13.1041666666667
"253",2020,7,20,202,18.72,14.85875,14.86,0.855165369649805,0.5,0.855165369649805,0.855165369649805,17.2955889700024,15.2833333333333,13.3125
"261",2020,7,21,203,18.44625,15.04875,15.01875,0.864970817120623,0.5,0.864970817120623,0.864970817120623,17.1962232751801,15.5,13.5333333333333
"269",2020,7,22,204,17.26125,15.2325,15.1975,0.87477626459144,0.5,0.87477626459144,0.87477626459144,16.5170379952168,15.6583333333333,13.7625
"277",2020,7,23,205,16.03,15.23125,15.2075,0.884581712062257,0.5,0.884581712062257,0.884581712062257,15.7372671865669,15.9041666666667,13.8875
"285",2020,7,24,206,15.17625,15.1175,15.0725,0.894387159533074,0.5,0.894387159533074,0.894387159533074,15.1471153369889,15.1125,13.9833333333333
"293",2020,7,25,207,15.075,14.90625,14.88625,0.904192607003891,0.5,0.904192607003891,0.904192607003891,15.0113513242028,14.5958333333333,13.8541666666667
"301",2020,7,26,208,15.2475,14.70375,14.70875,0.913998054474708,0.5,0.913998054474708,0.913998054474708,15.0561100619845,13.7916666666667,13.6458333333333
"309",2020,7,27,209,16.25,14.56,14.5575,0.923803501945525,0.5,0.923803501945525,0.923803501945525,15.6560802639939,13.7166666666667,13.3583333333333
"317",2020,7,28,210,16.95375,14.51625,14.51625,0.933608949416342,0.5,0.933608949416342,0.933608949416342,16.1036227735369,13.7041666666667,13.1666666666667
"325",2020,7,29,211,16.88875,14.5925,14.5725,0.94341439688716,0.5,0.94341439688716,0.94341439688716,16.0898629981197,14.0041666666667,13.1416666666667
"333",2020,7,30,212,16.795,14.6725,14.64375,0.953219844357977,0.5,0.953219844357977,0.953219844357977,16.0597791700973,15.0208333333333,13.225
"341",2020,7,31,213,17.1425,14.73125,14.6825,0.963025291828794,0.5,0.963025291828794,0.963025291828794,16.3101066662677,14.6916666666667,13.4791666666667
"349",2020,8,1,214,17.05625,14.76,14.71625,0.972830739299611,0.5,0.972830739299611,0.972830739299611,16.2692875411969,14.6791666666667,13.5
"357",2020,8,2,215,17.2925,14.78375,14.7475,0.982636186770428,0.5,0.982636186770428,0.982636186770428,16.4403438801955,14.6791666666667,13.5458333333333
"365",2020,8,3,216,17.335,14.8025,14.795,0.992441634241245,0.5,0.992441634241245,0.992441634241245,16.485301780046,15.1083333333333,13.6041666666667
"373",2020,8,4,217,16.88,14.82375,14.83125,1.00224708171206,0.5,1.00224708171206,1.00224708171206,16.1958333333333,15,13.75
"381",2020,8,5,218,16.38,14.83875,14.84,1.01205252918288,0.5,1.01205252918288,1.01205252918288,15.8664583333333,15.5458333333333,13.825
"389",2020,8,6,219,16.41875,14.81125,14.81375,1.0218579766537,0.5,1.0218579766537,1.0218579766537,15.8833333333333,15.4416666666667,13.975
"397",2020,8,7,220,16.75875,14.77375,14.78625,1.03166342412451,0.5,1.03166342412451,1.03166342412451,16.0991666666667,14.8416666666667,13.9625
"405",2020,8,8,221,17.135,14.755,14.77875,1.04146887159533,0.5,1.04146887159533,1.04146887159533,16.345625,14.3458333333333,13.8583333333333
"413",2020,8,9,222,17.35875,14.765,14.78875,1.05127431906615,0.5,1.05127431906615,1.05127431906615,16.498125,15.2666666666667,13.8041666666667
"421",2020,8,10,223,16.635,14.785,14.80125,1.06107976653696,0.5,1.06107976653696,1.06107976653696,16.0210416666667,15.6458333333333,13.9125
"429",2020,8,11,224,15.70125,14.78,14.795,1.07088521400778,0.5,1.07088521400778,1.07088521400778,15.3966666666667,16.125,14.1
"437",2020,8,12,225,15.22,14.7075,14.725,1.0806906614786,0.5,1.0806906614786,1.0806906614786,15.0520833333333,16.1583333333333,14.2958333333333
"445",2020,8,13,226,15.80375,14.60125,14.61,1.09049610894942,0.5,1.09049610894942,1.09049610894942,15.404375,15.2083333333333,14.3125
"453",2020,8,14,227,16.57,14.505,14.5075,1.10030155642023,0.5,1.10030155642023,1.10030155642023,15.8820833333333,14.5708333333333,14.1208333333333
"461",2020,8,15,228,16.865,14.445,14.44625,1.11010700389105,0.5,1.11010700389105,1.11010700389105,16.0585416666667,14.8416666666667,13.95
"469",2020,8,16,229,17.0425,14.415,14.41875,1.11991245136187,0.5,1.11991245136187,1.11991245136187,16.1672916666667,15.4125,13.9916666666667
"477",2020,8,17,230,16.74625,14.40875,14.4125,1.12971789883269,0.5,1.12971789883269,1.12971789883269,15.9677083333333,15.8666666666667,14.1208333333333
"485",2020,8,18,231,17.52125,14.41375,14.4275,1.1395233463035,0.5,1.1395233463035,1.1395233463035,16.4877083333333,16.0166666666667,14.3
"493",2020,8,19,232,17.1025,14.42625,14.435,1.14932879377432,0.5,1.14932879377432,1.14932879377432,16.211875,16.1708333333333,14.4416666666667
"501",2020,8,20,233,16.80125,14.445,14.4625,1.15913424124514,0.5,1.15913424124514,1.15913424124514,16.01875,16.1083333333333,14.5375
"509",2020,8,21,234,16.8725,14.46625,14.485,1.16893968871595,0.5,1.16893968871595,1.16893968871595,16.0735416666667,16.4875,14.6041666666667
"517",2020,8,22,235,17.7625,14.48,14.49875,1.17874513618677,0.5,1.17874513618677,1.17874513618677,16.6714583333333,16.4166666666667,14.7958333333333
"525",2020,8,23,236,17.30375,14.49375,14.515,1.18855058365759,0.5,1.18855058365759,1.18855058365759,16.370625,16.0333333333333,14.8
"533",2020,8,24,237,16.5725,14.51,14.5325,1.1983560311284,0.5,1.1983560311284,1.1983560311284,15.88875,15.9666666666667,14.7625
"541",2020,8,25,238,15.8675,14.52625,14.54875,1.20850262949903,0.5,1.20850262949903,1.20850262949903,15.4241666666667,16.4541666666667,14.8
"549",2020,8,26,239,14.53,14.51375,14.54,1.22388020833333,0.5,1.22388020833333,1.22388020833333,14.5289583333333,15.8875,14.85
"557",2020,8,27,240,13.79,14.44875,14.46375,1.24096354166667,0.5,1.24096354166667,1.24096354166667,14.0120833333333,15.5166666666667,14.7708333333333
"565",2020,8,28,241,13.2325,14.31875,14.32,1.258046875,0.5,1.258046875,1.258046875,13.5947916666667,14.1375,14.5416666666667
"573",2020,8,29,242,12.995,14.15125,14.14375,1.27513020833333,0.5,1.27513020833333,1.27513020833333,13.3791666666667,13.25,14.1333333333333
"581",2020,8,30,243,13.3475,13.9875,13.96625,1.29221354166667,0.5,1.29221354166667,1.29221354166667,13.5572916666667,13.125,13.7791666666667
"589",2020,8,31,244,13.91375,13.84875,13.81875,1.309296875,0.5,1.309296875,1.309296875,13.8870833333333,13.1041666666667,13.5166666666667
"597",2020,9,1,245,14.0925,13.74,13.70625,1.32638020833333,0.5,1.32638020833333,1.32638020833333,13.969375,13.0708333333333,13.3666666666667
"605",2020,9,2,246,14.7325,13.6775,13.6225,1.34346354166667,0.5,1.34346354166667,1.34346354166667,14.3716666666667,13.55,13.2458333333333
"613",2020,9,3,247,14.76625,13.69625,13.58375,1.360546875,0.5,1.360546875,1.360546875,14.3908333333333,13.1583333333333,13.2625
"621",2020,9,4,248,15.1525,13.745,13.58,1.37763020833333,0.5,1.37763020833333,1.37763020833333,14.6558333333333,13.1041666666667,13.15
"629",2020,9,5,249,14.82125,13.78625,13.58,1.39471354166667,0.5,1.39471354166667,1.39471354166667,14.441875,12.4166666666667,13.0333333333333
"637",2020,9,6,250,13.97875,13.80375,13.58,1.411796875,0.5,1.411796875,1.411796875,13.883125,13.5541666666667,12.9291666666667
"645",2020,9,7,251,12.9825,13.81,13.57875,1.42888020833333,0.5,1.42888020833333,1.42888020833333,13.2197916666667,13.8958333333333,13.0875
"653",2020,9,8,252,12.82375,13.82125,13.5725,1.44596354166667,0.5,1.44596354166667,1.44596354166667,13.1147916666667,13.5708333333333,13.2
"661",2020,9,9,253,13.11875,13.78625,13.555,1.463046875,0.5,1.463046875,1.463046875,13.3027083333333,13.0541666666667,13.1458333333333
"669",2020,9,10,254,12.8675,13.7375,13.5325,1.48013020833333,0.5,1.48013020833333,1.48013020833333,13.1233333333333,12.5125,13.0083333333333
"677",2020,9,11,255,12.15,13.7,13.495,1.49721354166667,0.5,1.49625651041667,1.49721354166667,12.6325,12.7625,12.8625
"685",2020,9,12,256,12.9475,13.67,13.45875,1.514296875,0.5,1.5,1.514296875,13.2588763914207,12.8541666666667,12.8
"693",2020,9,13,257,12.815,13.5925,13.4025,1.53138020833333,0.5,1.5,1.53138020833333,13.1629890712134,12.275,12.7875
"701",2020,9,14,258,12.9075,13.53625,13.35625,1.54846354166667,0.5,1.5,1.54846354166667,13.1853772676422,11.3791666666667,12.5083333333333
"709",2020,9,15,259,13.32875,13.48625,13.31125,1.565546875,0.5,1.5,1.565546875,13.3676373444533,12.1916666666667,12.3041666666667
"717",2020,9,16,260,13.5925,13.50375,13.2675,1.58263020833333,0.5,1.5,1.58263020833333,13.4896452396434,11.9666666666667,12.2541666666667
"725",2020,9,17,261,12.28125,13.05125,13.2375,1.59971354166667,0.5,1.5,1.59971354166667,12.7288845979734,12.4291666666667,12.2
"733",2020,9,18,262,11.12,12.4325,13.17625,1.616796875,0.5,1.5,1.616796875,11.9881375715077,12.6916666666667,12.3583333333333
"741",2020,9,19,263,10.7,12.0325,13.0575,1.63388020833333,0.5,1.5,1.63388020833333,11.648223508378,12.9,12.4375
"749",2020,9,20,264,9.88875,11.5425,12.90375,1.65096354166667,0.5,1.5,1.65096354166667,11.090086474085,11.6875,12.4166666666667
"757",2020,9,21,265,9.9525,11.17,12.72375,1.668046875,0.5,1.5,1.668046875,10.9667640805737,10.775,12.0666666666667
"765",2020,9,22,266,10.29625,11.10125,12.54125,1.68513020833333,0.5,1.5,1.68513020833333,11.0623507162521,10.5041666666667,11.825
"773",2020,9,23,267,10.0825,11.1075,12.3825,1.70221354166667,0.5,1.5,1.70221354166667,10.9315406787678,9.75,11.4875
"781",2020,9,24,268,10.13875,11.06125,12.2575,1.719296875,0.5,1.5,1.719296875,10.9150888425388,10.7625,11.2
"789",2020,9,25,269,10.38375,11.0425,12.15,1.73638020833333,0.5,1.5,1.73638020833333,10.9955491284046,11.4291666666667,11.3166666666667
"797",2020,9,26,270,11.005,11.015,12.0575,1.75346354166667,0.5,1.5,1.75346354166667,11.2418729848728,11.1708333333333,11.4
"805",2020,9,27,271,11.4625,11.0475,11.98375,1.770546875,0.5,1.5,1.770546875,11.4364481471287,11.3958333333333,11.4
"813",2020,9,28,272,11.94125,11.08125,11.9175,1.78763020833333,0.5,1.5,1.78763020833333,11.6399613666116,11.3041666666667,11.4916666666667
"821",2020,9,29,273,12.16,11.11375,11.865,1.80471354166667,0.5,1.5,1.80471354166667,11.7306921814443,12.075,11.525
"829",2020,9,30,274,12.3,11.1475,11.81875,1.821796875,0.5,1.5,1.821796875,11.7884367744541,12.4291666666667,11.7333333333333
"837",2020,10,1,275,12.31,11.18625,11.78125,1.83888020833333,0.5,1.5,1.83888020833333,11.7939125878214,12.3666666666667,11.8875
"845",2020,10,2,276,11.95875,11.22875,11.75,1.85596354166667,0.5,1.5,1.85596354166667,11.649225522002,12.5,11.9041666666667
"853",2020,10,3,277,11.7025,11.26625,11.7225,1.873046875,0.5,1.5,1.873046875,11.5462170781893,12.6458333333333,12.0041666666667
"861",2020,10,4,278,11.84875,11.30625,11.70125,1.89013020833333,0.5,1.5,1.89013020833333,11.61585656345,12.3291666666667,12.0708333333333
"869",2020,10,5,279,12.14875,11.36625,11.68375,1.90721354166667,0.5,1.5,1.90721354166667,11.7572622569967,12.3958333333333,12
"877",2020,10,6,280,12.35375,11.40875,11.67,1.924296875,0.5,1.5,1.924296875,11.8524353469112,12.2666666666667,12.0125
"885",2020,10,7,281,12.5275,11.59875,11.66375,1.94138020833333,0.5,1.5,1.94138020833333,11.9924821998101,12.45,12.0041666666667
"893",2020,10,8,282,12.7475,11.93875,11.66125,1.95846354166667,0.5,1.5,1.95846354166667,12.2112779381389,12.6416666666667,12.1
"901",2020,10,9,283,12.67625,12.1375,11.67875,1.975546875,0.5,1.5,1.975546875,12.262472386152,12.5666666666667,12.1
"909",2020,10,10,284,12.12125,12.32375,11.71125,1.99263020833333,0.5,1.5,1.99263020833333,12.1196483252714,12.6166666666667,12.1875
"917",2020,10,11,285,11.525,12.3125,11.74625,2.00971354166667,0.5,1.5,2.00971354166667,11.88425,12.5166666666667,12.2
"925",2020,10,12,286,10.79125,12.21125,11.78,2.01672823660714,0.5,1.5,2.01672823660714,11.557,11.8541666666667,12.1333333333333
"933",2020,10,13,287,10.45125,11.29125,11.80625,1.86935714285714,0.5,1.5,1.86935714285714,11.0454027237647,10.9666666666667,11.9208333333333
"941",2020,10,14,288,9.73375,10.18625,11.8025,1.67164285714286,0.5,1.5,1.67164285714286,10.3500085106733,10.55,11.6333333333333
"949",2020,10,15,289,8.80625,9.75625,11.75375,1.47392857142857,0.5,1.46053571428571,1.47392857142857,9.45583333333333,10.1458333333333,11.3333333333333
"957",2020,10,16,290,8.7975,9.1625,11.6725,1.27621428571429,0.5,1.27621428571429,1.27621428571429,9.3375,9.5625,11.0583333333333
"965",2020,10,17,291,8.2725,8.42125,11.57375,1.0785,0.5,1.0785,1.0785,8.8475,9.125,10.775
"973",2020,10,18,292,7.55125,7.65625,11.45625,0.880785714285714,0.5,0.880785714285714,0.880785714285714,8.27728590088459,9.0625,10.4916666666667
"981",2020,10,19,293,6.440625,6.55395833333333,11.0852083333333,0.683071428571429,0.5,0.683071428571429,0.683071428571429,7.44604118869368,8.90833333333333,10.2833333333333
"989",2020,10,20,294,7.2025,7.67638888888889,9.98305555555556,0.485357142857143,0.467678571428571,0.485357142857143,0.485357142857143,8.28731481481482,8.30833333333333,10.075
"997",2020,10,21,295,8.3125,8.88402777777778,8.99111111111111,0.320704167065353,0.320704167065353,0.320704167065353,0.320704167065353,8.72921296296296,7.68333333333333,9.84583333333333
"1005",2020,10,22,296,9.60875,9.5,9.36125,0.31474547890154,0.31474547890154,0.31474547890154,0.31474547890154,9.49,6.61666666666667,9.42916666666667
"1013",2020,10,23,297,10.26,9.98875,9.9425,0.328623576691226,0.328623576691226,0.328623576691226,0.328623576691226,10.06375,5.80416666666667,8.95
"1021",2020,10,24,298,9.035,10.015,9.99875,0.342501674480911,0.342501674480911,0.342501674480911,0.342501674480911,9.68291666666667,6.98333333333333,8.54583333333333
"1029",2020,10,25,299,8.24888888888889,9.44555555555556,9.45555555555556,0.357247153382451,0.357247153382451,0.357247153382451,0.357247153382451,9.05,8.30833333333333,8.65
"1038",2020,10,26,300,8.91625,9.375,9.375,0.371992632283992,0.371992632283992,0.371992632283992,0.371992632283992,9.22208333333333,8.32083333333333,8.925
"1046",2020,10,27,301,9.49,9.60125,9.61,0.385870730073677,0.385870730073677,0.385870730073677,0.385870730073677,9.56708333333333,6.44166666666667,8.8375
"1054",2020,10,28,302,9.40375,9.74125,9.75375,0.399748827863362,0.399748827863362,0.399748827863362,0.399748827863362,9.63291666666667,6.95,8.44166666666667
"1062",2020,10,29,303,9.5275,9.70125,9.7125,0.413626925653048,0.413626925653048,0.413626925653048,0.413626925653048,9.64708333333333,8.3875,8.4375
"1070",2020,10,30,304,9.03125,9.75375,9.75625,0.427505023442733,0.427505023442733,0.427505023442733,0.427505023442733,9.51375,8.80833333333333,8.72916666666667
"1078",2020,10,31,305,8.29375,9.69375,9.69625,0.441383121232418,0.441383121232418,0.441383121232418,0.441383121232418,9.22791666666667,8.475,8.9
"1086",2020,11,1,306,8.35375,9.545,9.55,0.455261219022103,0.455261219022103,0.455261219022103,0.455261219022103,9.14958333333333,7.80833333333333,8.8625
"1094",2020,11,2,307,10.7425,9.55125,9.54625,0.469139316811788,0.469139316811788,0.469139316811788,0.469139316811788,9.94666666666667,6.95,8.64583333333333
"1102",2020,11,3,308,10.69625,9.8825,9.91625,0.483017414601474,0.483017414601474,0.483017414601474,0.483017414601474,10.165,7.025,8.3375
"1110",2020,11,4,309,8.43125,10.005,9.96,0.496895512391159,0.496370562625586,0.496895512391159,0.496895512391159,9.46541666666667,7.80833333333333,8.24583333333333
"1118",2020,11,5,310,6.38625,9.2675,9.12875,0.510773610180844,0.5,0.510773610180844,0.510773610180844,7.77720192616718,8.7875,8.45833333333333
"1126",2020,11,6,311,6.70125,8.75625,8.64375,0.524651707970529,0.5,0.524651707970529,0.524651707970529,7.67658141478816,9.25416666666667,8.8
"1134",2020,11,7,312,7.31625,8.565,8.52125,0.538529805760214,0.5,0.538529805760214,0.538529805760214,7.90692876203221,8.15,8.91666666666667
"1142",2020,11,8,313,7.2425,8.64625,8.64625,0.5524079035499,0.5,0.5524079035499,0.5524079035499,7.90942296554643,7.65,8.7375
"1150",2020,11,9,314,6.5275,8.505,8.5075,0.566286001339585,0.5,0.566286001339585,0.566286001339585,7.45537019501057,7.64583333333333,8.55
"1158",2020,11,10,315,7.58,8.31625,8.44125,0.58016409912927,0.5,0.58016409912927,0.58016409912927,7.94973548771149,7.425,8.4375
"1166",2020,11,11,316,8.71625,8.82875,9.12,0.594042196918955,0.5,0.594042196918955,0.594042196918955,8.83421848454609,7.64166666666667,8.4
"1174",2020,11,12,317,8.41375,8.955,9.085,0.60792029470864,0.5,0.60792029470864,0.60792029470864,8.68734820146603,7.38333333333333,8.32916666666667
"1182",2020,11,13,318,8.0775,8.905,8.945,0.621798392498326,0.5,0.621798392498326,0.621798392498326,8.45524167161737,6.87916666666667,8.15833333333333
"1190",2020,11,14,319,8.26125,8.88125,8.87875,0.635676490288011,0.5,0.635676490288011,0.635676490288011,8.53366472606476,7.02083333333333,8.02916666666667
"1198",2020,11,15,320,8.21375,8.945,8.92125,0.649554588077696,0.5,0.649554588077696,0.649554588077696,8.52664292716536,7.04583333333333,7.97916666666667
"1206",2020,11,16,321,8.6075,8.97625,8.96375,0.663432685867381,0.5,0.663432685867381,0.663432685867381,8.76328898736618,7.17916666666667,7.9
"1214",2020,11,17,322,9.0625,9.03875,9.065,0.677310783657066,0.5,0.677310783657066,0.677310783657066,9.05798759760486,7.35416666666667,7.90833333333333
"1222",2020,11,18,323,9.37,9.15125,9.24875,0.691188881446752,0.5,0.691188881446752,0.691188881446752,9.29864271877961,7.25416666666667,7.9375
"1230",2020,11,19,324,9.7725,9.30625,9.42625,0.705066979236437,0.5,0.705066979236437,0.705066979236437,9.60394090453071,8,7.98333333333333
"1238",2020,11,20,325,8.23,9.4175,9.43625,0.718945077026122,0.5,0.718945077026122,0.718945077026122,8.72094705846798,8.09166666666667,8.1375
"1246",2020,11,21,326,6.5525,9.38875,9.33875,0.732823174815807,0.5,0.732823174815807,0.732823174815807,7.69266756718579,8.53333333333333,8.2125
"1254",2020,11,22,327,6.54375,9.2625,9.135,0.746701272605492,0.5,0.746701272605492,0.746701272605492,7.60856001437148,8.25833333333333,8.4375
"1262",2020,11,23,328,6.4825,9.02125,8.855,0.760579370395177,0.5,0.760579370395177,0.760579370395177,7.45650649957891,5.97916666666667,8.22916666666667
"1270",2020,11,24,329,6.12875,8.87625,8.72375,0.774457468184863,0.5,0.774457468184863,0.774457468184863,7.1767449573384,4.8,7.59583333333333
"1278",2020,11,25,330,6.2825,8.60625,8.4775,0.788335565974548,0.5,0.788335565974548,0.788335565974548,7.15935811820732,5.30416666666667,7.075
"1286",2020,11,26,331,6.97375,8.52625,8.47375,0.802213663764233,0.5,0.802213663764233,0.802213663764233,7.55977134291394,5.02916666666667,6.91666666666667
"1294",2020,11,27,332,6.8675,8.54625,8.4725,0.816091761553918,0.5,0.816091761553918,0.816091761553918,7.49126919602529,4.3875,6.6625
"1302",2020,11,28,333,6.375,8.57875,8.575,0.829969859343603,0.5,0.829969859343603,0.829969859343603,7.20279131592002,5.4,6.42083333333333
"1310",2020,11,29,334,5.63,8.525,8.5,0.843847957133289,0.5,0.843847957133289,0.843847957133289,6.70247995753514,5.97083333333333,6.5625
"1318",2020,11,30,335,5.53625,8.37,8.37125,0.857726054922974,0.5,0.857726054922974,0.857726054922974,6.5800448766332,4.75416666666667,6.6125
"1326",2020,12,1,336,5.09875,8.33,8.285,0.871604152712659,0.5,0.871604152712659,0.871604152712659,6.26845701556057,4.275,6.30833333333333
"1334",2020,12,2,337,5.485,8.14875,8.13375,0.885482250502344,0.5,0.885482250502344,0.885482250502344,6.44360123759684,4.08333333333333,6.07083333333333
"1342",2020,12,3,338,5.46,8.0825,8.10625,0.899360348292029,0.5,0.899360348292029,0.899360348292029,6.4012782787562,3.81666666666667,5.875
"1350",2020,12,4,339,5.43625,8.06,8.05875,0.913238446081715,0.5,0.913238446081715,0.913238446081715,6.36430464190164,3.90833333333333,5.67083333333333
"1358",2020,12,5,340,5.5925,7.945,7.9425,0.9271165438714,0.5,0.9271165438714,0.9271165438714,6.41627644982717,4.00833333333333,5.59583333333333
"1366",2020,12,6,341,5.925,7.89875,7.9275,0.940994641661085,0.5,0.940994641661085,0.940994641661085,6.61484468870343,4.04583333333333,5.5
"1374",2020,12,7,342,6.29375,7.88125,7.89375,0.95487273945077,0.5,0.95487273945077,0.95487273945077,6.84147831904241,4.13333333333333,5.47916666666667
"1382",2020,12,8,343,6.2875,7.86625,7.83,0.968750837240456,0.5,0.968750837240456,0.968750837240456,6.81877629289804,4.65,5.45416666666667
"1390",2020,12,9,344,5.97625,7.8375,7.83125,0.982628935030141,0.5,0.982628935030141,0.982628935030141,6.602881841622,5.2875,5.59583333333333
"1398",2020,12,10,345,5.56375,7.8025,7.81625,0.996507032819825,0.5,0.996507032819825,0.996507032819825,6.31403882282251,5.37916666666667,5.8375
"1406",2020,12,11,346,5.22875,7.76375,7.76875,1.01038513060951,0.5,1.01038513060951,1.01038513060951,6.07458333333333,4.89583333333333,5.9
"1414",2020,12,12,347,5.18,7.705,7.62625,1.0242632283992,0.5,1.0242632283992,1.0242632283992,6.00854166666667,4.47083333333333,5.8
"1422",2020,12,13,348,5.1825,7.5775,7.48125,1.03814132618888,0.5,1.03814132618888,1.03814132618888,5.96479166666667,4.35,5.61666666666667
"1430",2020,12,14,349,5.0975,7.5475,7.46125,1.05201942397856,0.5,1.05201942397856,1.05201942397856,5.89979166666667,4.10416666666667,5.52916666666667
"1438",2020,12,15,350,4.86625,7.48625,7.43625,1.06589752176825,0.5,1.06589752176825,1.06589752176825,5.73125,4.35416666666667,5.4
"1446",2020,12,16,351,5.02375,7.45,7.39,1.07977561955793,0.5,1.07977561955793,1.07977561955793,5.8225,4.57083333333333,5.4
"1454",2020,12,17,352,5.20125,7.43375,7.34125,1.09365371734763,0.5,1.09365371734763,1.09365371734763,5.93,4.14583333333333,5.4
"1462",2020,12,18,353,6.175,7.39875,7.305,1.10753181513731,0.5,1.10753181513731,1.10753181513731,6.56729166666667,4.35,5.25833333333333
"1470",2020,12,19,354,7.5775,7.4425,7.425,1.12140991292699,0.5,1.12140991292699,1.12140991292699,7.52958333333333,4.94583333333333,5.34166666666667
"1478",2020,12,20,355,6.8275,7.54125,7.54125,1.13528801071668,0.5,1.13528801071668,1.13528801071668,7.06541666666667,4.575,5.4
"1486",2020,12,21,356,6.68,7.60625,7.585,1.14916610850636,0.5,1.14916610850636,1.14916610850636,6.98520833333333,4.85833333333333,5.40833333333333
"1494",2020,12,22,357,6.7025,7.6525,7.62,1.16304420629605,0.5,1.16304420629605,1.16304420629605,7.01375,5.01666666666667,5.5
"1502",2020,12,23,358,6.82875,7.7325,7.72125,1.17692230408574,0.5,1.17692230408574,1.17692230408574,7.128125,5.1,5.52083333333333
"1510",2020,12,24,359,6.31875,7.87125,7.8575,1.19080040187542,0.5,1.19080040187542,1.19080040187542,6.83395833333333,5.425,5.6
"1518",2020,12,25,360,5.71,7.97125,7.945,1.2046784996651,0.5,1.2046784996651,1.2046784996651,6.459375,5.175,5.75416666666667
"1526",2020,12,26,361,5.13375,7.9625,7.9525,1.21855659745479,0.5,1.21855659745479,1.21855659745479,6.075,4.95,5.6875
"1534",2020,12,27,362,4.7325,7.90625,7.88875,1.23243469524447,0.5,1.23243469524447,1.23243469524447,5.7875,3.44166666666667,5.51666666666667
"1542",2020,12,28,363,5.06875,7.8175,7.80625,1.24631279303416,0.5,1.24631279303416,1.24631279303416,5.983125,2.87083333333333,5.05
"1550",2020,12,29,364,5.40125,7.7325,7.7025,1.26019089082385,0.5,1.26019089082385,1.26019089082385,6.17333333333333,2.87083333333333,4.7375
"1558",2020,12,30,365,5.09,7.59125,7.5825,1.27406898861353,0.5,1.27406898861353,1.27406898861353,5.92229166666667,2.91666666666667,4.5
"1566",2020,12,31,366,4.6925,7.47625,7.43875,1.28794708640321,0.5,1.28794708640321,1.28794708640321,5.61416666666667,3.25,4.4
"1574",2021,1,1,1,4.70625,7.28125,7.25125,1.3018251841929,0.5,1.3018251841929,1.3018251841929,5.55958333333333,3.575,4.40416666666667
"1582",2021,1,2,2,4.35375,7.19375,7.13625,1.31570328198258,0.5,1.31570328198258,1.31570328198258,5.29083333333333,3.67083333333333,4.5
"1590",2021,1,3,3,3.6575,7.07375,6.99625,1.32958137977227,0.5,1.32958137977227,1.32958137977227,4.78333333333333,3.44583333333333,4.5
"1598",2021,1,4,4,3.58125,6.81125,6.86125,1.34345947756196,0.5,1.34345947756196,1.34345947756196,4.66625,3.14166666666667,4.42916666666667
"1606",2021,1,5,5,3.33875,6.6725,6.7825,1.35733757535164,0.5,1.35733757535164,1.35733757535164,4.46833333333333,2.9,4.275
"1614",2021,1,6,6,2.81,6.37,6.625,1.37121567314132,0.5,1.37121567314132,1.37121567314132,4.03916666666667,2.73333333333333,4.14583333333333
"1622",2021,1,7,7,2.4375,6.24625,6.53,1.38509377093101,0.5,1.38509377093101,1.38509377093101,3.754375,2.43333333333333,4.03333333333333
"1630",2021,1,8,8,3.17875,5.76,6.36375,1.39897186872069,0.5,1.39897186872069,1.39897186872069,4.13979166666667,2.4375,3.9
"1638",2021,1,9,9,3.07625,4.7775,6.23625,1.41284996651038,0.5,1.41284996651038,1.41284996651038,3.88645833333333,2.11666666666667,3.8125
"1646",2021,1,10,10,2.36,4.89625,6.095,1.42672806430007,0.5,1.42672806430007,1.42672806430007,3.40520833333333,1.9,3.62083333333333
"1654",2021,1,11,11,2.08125,4.32625,5.99625,1.44060616208976,0.5,1.44060616208976,1.44060616208976,3.10791666666667,1.9,3.46666666666667
"1662",2021,1,12,12,2.13875,3.9175,5.895,1.45448425987943,0.5,1.45448425987943,1.45448425987943,3.06125,1.84166666666667,3.4
"1670",2021,1,13,13,2.24125,3.62625,5.86375,1.46836235766912,0.5,1.46836235766912,1.46836235766912,3.07583333333333,1.55833333333333,3.2875
"1678",2021,1,14,14,2.4,3.135,5.62375,1.48224045545881,0.5,1.48224045545881,1.48224045545881,3.05979166666667,1.42916666666667,3.15416666666667
"1686",2021,1,15,15,2.79125,3.4,5.515,1.4961185532485,0.5,1.49578784326859,1.4961185532485,3.34666666666667,1.34583333333333,3.0375
"1694",2021,1,16,16,2.73875,3.67375,5.4225,1.50999665103818,0.5,1.5,1.50999665103818,3.64358825820372,1.02916666666667,2.93333333333333
"1702",2021,1,17,17,2.57375,3.82625,5.455,1.52387474882786,0.5,1.5,1.52387474882786,3.6097716827258,0.983333333333333,2.7875
"1710",2021,1,18,18,2.38375,3.79875,5.43,1.53775284661755,0.5,1.5,1.53775284661755,3.50461472201725,0.9,2.6125
"1718",2021,1,19,19,2.2475,3.7875,5.41375,1.55163094440723,0.5,1.5,1.55163094440723,3.43320869727742,0.9,2.52916666666667
"1726",2021,1,20,20,2.18875,3.8625,5.4275,1.56550904219692,0.5,1.5,1.56550904219692,3.43100830386487,0.9,2.42916666666667
"1734",2021,1,21,21,2.0775,3.5325,5.3775,1.57938713998661,0.5,1.5,1.57938713998661,3.27641493062546,0.9,2.4
"1742",2021,1,22,22,2.005,3.38,5.27125,1.59326523777629,0.5,1.5,1.59326523777629,3.17487788157408,0.945833333333333,2.4
"1750",2021,1,23,23,2.01875,3.3025,5.26375,1.60714333556597,0.5,1.5,1.60714333556597,3.15864410045884,1.025,2.33333333333333
"1758",2021,1,24,24,1.90375,3.145,5.1875,1.62102143335566,0.5,1.5,1.62102143335566,3.04127638997879,1.1,2.27083333333333
"1766",2021,1,25,25,1.6175,2.915,5.0675,1.63489953114534,0.5,1.5,1.63489953114534,2.81136514656907,1.1875,2.2
"1774",2021,1,26,26,1.495,2.6025,5.09625,1.64877762893503,0.5,1.5,1.64877762893503,2.66736245860121,1.60833333333333,2.225
"1782",2021,1,27,27,1.39125,2.0075,4.8475,1.66265572672472,0.5,1.5,1.66265572672472,2.37914953721842,1.225,2.4
"1790",2021,1,28,28,1.035,1.965,4.7725,1.6765338245144,0.5,1.5,1.6765338245144,2.18266259483962,0.916666666666667,2.2375
"1798",2021,1,29,29,1.08,1.61,4.725,1.69041192230408,0.5,1.5,1.69041192230408,2.0790898499672,0.9,2.2
"1806",2021,1,30,30,0.77375,1.34625,4.47,1.70429002009377,0.5,1.5,1.70429002009377,1.79509066569331,0.825,2.1125
"1814",2021,1,31,31,0.49125,1.20125,4.47625,1.71816811788345,0.5,1.5,1.71816811788345,1.61938782847308,0.6,2.075
"1822",2021,2,1,32,0.13125,0.79,4.49375,1.73204621567314,0.5,1.5,1.73204621567314,1.32454314324768,0.6,1.98333333333333
"1830",2021,2,2,33,-0.1175,0.6,4.2925,1.74592431346283,0.5,1.5,1.74592431346283,1.10257704288337,NA,NA
"1838",2021,2,3,34,-0.005,0.7075,4.25625,1.75980241125251,0.5,1.5,1.75980241125251,1.17739727717453,NA,NA
"1846",2021,2,4,35,-0.1775,0.64,4.26,1.77368050904219,0.5,1.5,1.77368050904219,1.07651691433908,NA,NA
"1854",2021,2,5,36,-0.22,0.6425,4.265,1.78755860683188,0.5,1.5,1.78755860683188,1.05724347243674,0.204166666666667,1.66666666666667
"1862",2021,2,6,37,-0.16375,0.835,4.27,1.80143670462156,0.5,1.5,1.80143670462156,1.14730491742687,0.2,1.6
"1870",2021,2,7,38,0.205,0.47125,4.05375,1.81531480241126,0.5,1.5,1.81531480241126,1.12990773345888,0.2,1.57083333333333
"1878",2021,2,8,39,-0.18,0.64875,3.96375,1.82919290020094,0.5,1.5,1.82919290020094,1.00455994598108,0.2,1.5
"1886",2021,2,9,40,-0.27,0.7025,3.9975,1.84307099799063,0.5,1.5,1.84307099799063,0.990583459945886,NA,NA
"1894",2021,2,10,41,-0.2925,0.71625,4.025,1.85694909578031,0.5,1.5,1.85694909578031,0.990174032197333,0.129166666666667,1.43333333333333
"1902",2021,2,11,42,-0.405,0.625,4.05,1.87082719356999,0.5,1.5,1.87082719356999,0.912874207724221,0.1,1.4
"1910",2021,2,12,43,-0.44125,0.53375,4.05,1.88470529135968,0.5,1.5,1.88470529135968,0.862144876648883,0.1,1.4
"1918",2021,2,13,44,-0.3325,0.6625,4.00375,1.89858338914937,0.5,1.5,1.89858338914937,0.944176677599107,0.00416666666666667,1.39166666666667
"1926",2021,2,14,45,0.095,0.2625,3.80625,1.91246148693905,0.5,1.5,1.91246148693905,0.927536523354263,0,1.27916666666667
"1934",2021,2,15,46,-0.52125,0.415,3.75875,1.92633958472874,0.5,1.5,1.92633958472874,0.718183035313766,0,1.2
"1942",2021,2,16,47,-0.68875,0.24375,3.765,1.94021768251842,0.5,1.5,1.94021768251842,0.583115215625081,0,1.2
"1950",2021,2,17,48,-0.785,0.3975,3.775,1.9540957803081,0.5,1.5,1.9540957803081,0.603787792050415,-0.00833333333333333,1.2
"1958",2021,2,18,49,-0.78875,0.66625,3.77875,1.96797387809779,0.5,1.5,1.96797387809779,0.707275555780209,NA,NA
"1966",2021,2,19,50,-0.71125,0.4425,3.77,1.98185197588748,0.5,1.5,1.98185197588748,0.647991707384213,NA,NA
"1974",2021,2,20,51,-0.6975,0.59875,3.71875,1.99573007367716,0.5,1.5,1.99573007367716,0.704430499178101,-0.241666666666667,1.1
"1982",2021,2,21,52,-0.51625,1.64375,3.69,2.00960817146685,0.5,1.5,2.00960817146685,1.189,-0.354166666666667,1.02916666666667
"1990",2021,2,22,53,-0.6725,1.80625,3.6825,2.02348626925653,0.5,1.5,2.02348626925653,1.19,-0.216666666666667,1
"1998",2021,2,23,54,-0.75125,1.43625,3.72625,2.03736436704621,0.5,1.5,2.03736436704621,1.01925,-0.129166666666667,1
"2006",2021,2,24,55,-0.5,0.9875,3.78625,2.0512424648359,0.5,1.5,2.0512424648359,0.95225,-0.1,1
"2014",2021,2,25,56,0.7175,0.96875,3.8275,2.06512056262559,0.5,1.5,2.06512056262559,1.44,-0.1,1
"2022",2021,2,26,57,1.5875,1.20375,3.835,2.07899866041527,0.5,1.5,2.07899866041527,1.8835,-0.1,1
"2030",2021,2,27,58,2.2925,1.5575,3.85125,2.09287675820496,0.5,1.5,2.09287675820496,2.31025,-0.0416666666666667,1
"2038",2021,2,28,59,2.14,1.79,3.87875,2.10675485599464,0.5,1.5,2.10675485599464,2.34775,0.170833333333333,1
"2046",2021,3,1,60,2.235,2.295,3.8575,2.12063295378432,0.5,1.5,2.12063295378432,2.5835,0.729166666666667,1.00416666666667
"2054",2021,3,2,61,2.46625,2.4525,3.17625,2.13451105157401,0.5,1.5,2.13451105157401,2.60275,0.6625,1.1
"2062",2021,3,3,62,2.5375,3.07375,2.50375,2.1483891493637,0.5,1.5,2.1483891493637,2.74525,0.833333333333333,1.13333333333333
"2070",2021,3,4,63,2.56375,3.20875,2.65625,2.16226724715338,0.5,1.5,2.16226724715338,2.84025,0.7875,1.2
"2078",2021,3,5,64,2.01625,2.6,2.98125,2.17614534494307,0.5,1.5,2.17614534494307,2.44275,1.04166666666667,1.34166666666667
"2086",2021,3,6,65,1.62,2.37,3.25,2.19002344273275,0.5,1.5,2.19002344273275,2.246,0.9875,1.40833333333333
"2094",2021,3,7,66,1.28375,2.24625,3.35875,2.20390154052244,0.5,1.5,2.20390154052244,2.08375,0.8375,1.5
"2102",2021,3,8,67,1.47125,2.37625,3.44375,2.21777963831213,0.5,1.5,2.21777963831213,2.22775,0.483333333333333,1.49583333333333
"2110",2021,3,9,68,1.67125,2.12,3.33875,2.23165773610181,0.5,1.5,2.23165773610181,2.18425,0.3875,1.4
"2118",2021,3,10,69,1.095,1.8025,3.21,2.24553583389149,0.5,1.5,2.24553583389149,1.801,0.2625,1.39583333333333
"2126",2021,3,11,70,1.20125,1.88625,3.1925,2.25941393168118,0.5,1.5,2.25941393168118,1.8735,0.220833333333333,1.29583333333333
"2134",2021,3,12,71,1.4775,2.10625,3.2175,2.27329202947086,0.5,1.5,2.27329202947086,2.077,0.183333333333333,1.2
"2142",2021,3,13,72,1.835,2.04125,3.075,2.28717012726055,0.5,1.5,2.28717012726055,2.1655,0.104166666666667,1.2
"2150",2021,3,14,73,2.03625,2.10875,2.67875,2.30104822505024,0.5,1.5,2.30104822505024,2.19375,0.1,1.2
"2158",2021,3,15,74,2.02875,2.115,2.785,2.31492632283992,0.5,1.5,2.31492632283992,2.2145,0.1,1.1125
"2166",2021,3,16,75,1.98625,2.09,2.90375,2.3288044206296,0.5,1.5,2.3288044206296,2.21125,0.1375,1.1
"2174",2021,3,17,76,2.01625,2.105,3.00875,2.34268251841929,0.5,1.5,2.34268251841929,2.25025,0.166666666666667,1.1
"2182",2021,3,18,77,1.96,2.38125,2.9475,2.35656061620897,0.5,1.5,2.35656061620897,2.326,0.3625,1.1
"2190",2021,3,19,78,1.8725,2.51375,3.0075,2.37043871399866,0.5,1.5,2.37043871399866,2.356,0.429166666666667,1.1
"2198",2021,3,20,79,1.6375,2.14375,3.1175,2.38431681178835,0.5,1.5,2.38431681178835,2.136,0.445833333333333,1.175
"2206",2021,3,21,80,2.15,1.96875,3.20125,2.39819490957803,0.5,1.5,2.39819490957803,2.28775,0.358333333333333,1.2
"2214",2021,3,22,81,2.34,2.0575,3.27,2.41207300736771,0.5,1.5,2.41207300736771,2.413,0.220833333333333,1.2
"2222",2021,3,23,82,2.47,2.27625,3.27875,2.4259511051574,0.5,1.5,2.4259511051574,2.55425,0.279166666666667,1.14583333333333
"2230",2021,3,24,83,2.79625,2.5075,2.815,2.43982920294708,0.5,1.5,2.43982920294708,2.6845,0.541666666666667,1.10833333333333
"2238",2021,3,25,84,3.045,2.735,2.5925,2.45370730073677,0.5,1.5,2.45370730073677,2.8305,0.883333333333333,1.2
"2246",2021,3,26,85,3.14,3.14625,2.72125,2.46758539852646,0.5,1.5,2.46758539852646,3.05875,1.6375,1.3625
"2254",2021,3,27,86,3.355,3.24875,2.855,2.48146349631614,0.5,1.5,2.48146349631614,3.2125,2.55416666666667,1.69583333333333
"2262",2021,3,28,87,3.37142857142857,3.30857142857143,2.96714285714286,2.49447421299397,0.5,1.5,2.49447421299397,3.26542857142857,3.09166666666667,2.06666666666667
"2269",2021,3,29,88,3.415,3.44875,3.09375,2.5074849296718,0.5,1.5,2.5,3.36344254809779,3.27083333333333,2.3875
"2277",2021,3,30,89,3.79,3.56875,3.21375,2.52136302746149,0.5,1.5,2.5,3.58309387863123,3.72916666666667,2.675
"2285",2021,3,31,90,4.42875,3.6875,3.26,2.53524112525117,0.5,1.5,2.5,3.88962452924152,3.7875,2.95
"2293",2021,4,1,91,3.94,3.81125,3.3475,2.54911922304085,0.5,1.5,2.5,3.76185880693724,4.06666666666667,3.10833333333333
"2301",2021,4,2,92,4.2475,3.97,3.47875,2.56299732083054,0.5,1.5,2.5,3.97036190679345,5.25,3.38333333333333
"2309",2021,4,3,93,4.1975,4.075,3.61625,2.57687541862023,0.5,1.5,2.5,4.01983955364511,5.425,3.85
"2317",2021,4,4,94,4.34625,4.1525,3.725,2.59075351640992,0.5,1.5,2.5,4.12980500879655,4.3375,4.02916666666667
"2325",2021,4,5,95,4.45125,4.19875,3.805,2.6046316141996,0.5,1.5,2.5,4.20428871105237,3.8375,3.91666666666667
"2333",2021,4,6,96,4.50125,4.19125,3.94375,2.61850971198928,0.5,1.5,2.5,4.25117677650351,3.875,3.8
"2341",2021,4,7,97,4.875,4.18625,4.005,2.63238780977897,0.5,1.5,2.5,4.40435225201042,3.9875,3.8
"2349",2021,4,8,98,4.4125,4.21625,4.07625,2.64626590756865,0.5,1.5,2.5,4.2562205761382,3.83333333333333,3.85
"2357",2021,4,9,99,4.3275,4.29375,4.14125,2.66014400535834,0.5,1.5,2.5,4.26859273006185,3.03333333333333,3.725
"2365",2021,4,10,100,4.23125,4.25625,4.2,2.67402210314803,0.5,1.5,2.5,4.23272224260861,3.36666666666667,3.55833333333333
"2373",2021,4,11,101,4.3575,4.36,4.265,2.68790020093771,0.5,1.5,2.5,4.33475705419963,2.67083333333333,3.50833333333333
"2381",2021,4,12,102,4.4525,4.61,4.3425,2.70177829872739,0.5,1.5,2.5,4.4822227893117,3.0625,3.4
"2389",2021,4,13,103,4.58875,4.5625,4.50875,2.71565639651708,0.5,1.5,2.5,4.55800144439169,3.25,3.4
"2397",2021,4,14,104,4.67375,4.6825,4.5975,2.72953449430676,0.5,1.5,2.5,4.65657600740578,3.05416666666667,3.4
"2405",2021,4,15,105,4.72625,4.7175,4.67,2.74341259209645,0.5,1.5,2.5,4.70781786243123,3.1875,3.4
"2413",2021,4,16,106,5.0325,4.87875,4.71,2.75729068988614,0.5,1.5,2.5,4.88816402231434,3.10833333333333,3.4
"2421",2021,4,17,107,4.96,5.11125,4.86,2.77116878767582,0.5,1.5,2.5,4.98675157195841,2.67083333333333,3.375
"2429",2021,4,18,108,5.45875,5.295,5.02875,2.7850468854655,0.5,1.5,2.5,5.2787457913217,2.50416666666667,3.20416666666667
"2437",2021,4,19,109,5.53625,5.68375,5.2375,2.79892498325519,0.5,1.5,2.5,5.5036736218216,2.625,3.14166666666667
"2445",2021,4,20,110,6.12875,5.93125,5.46625,2.81280308104487,0.5,1.5,2.5,5.86709569289549,3.25833333333333,3.13333333333333
"2453",2021,4,21,111,6.4575,6.18,5.51125,2.82668117883456,0.5,1.5,2.5,6.08259140634348,3.55,3.30416666666667
"2461",2021,4,22,112,6.3225,6.4125,6.43875,2.84055927662425,0.5,1.5,2.5,6.38858382280642,3.6875,3.47083333333333
"2469",2021,4,23,113,6.22125,6.34125,6.48875,2.85443737441393,0.5,1.5,2.5,6.34336232965911,4.07083333333333,3.59166666666667
"2477",2021,4,24,114,6.2825,6.27375,6.36625,2.86831547220361,0.5,1.5,2.5,6.30480278413131,4.47916666666667,3.81666666666667
"2485",2021,4,25,115,6.1025,6.18375,6.26125,2.8821935699933,0.5,1.5,2.5,6.1792811820623,4.02083333333333,3.9875
"2493",2021,4,26,116,5.97125,6.0825,6.18625,2.86375,0.5,1.5,2.5,6.0749448930598,3.5375,3.9375
"2501",2021,4,27,117,5.98375,5.99375,6.07,2.80375,0.5,1.5,2.5,6.01204190815872,3.275,3.85833333333333
"2509",2021,4,28,118,5.96975858369099,5.1286373390558,5.10169527896996,2.74375,0.5,1.5,2.5,5.42789313402485,3.03333333333333,3.74166666666667
"2517",2021,4,29,119,6.01085836909871,4.7137339055794,4.69452789699571,2.68375,0.5,1.5,2.5,5.19216608262652,2.97083333333333,3.6
"2525",2021,4,30,120,6.04931330472103,4.84901287553648,4.84937768240343,2.62375,0.5,1.5,2.5,5.30657475356137,2.8625,3.54166666666667
"2533",2021,5,1,121,6.08776824034334,4.98429184549356,5.00422746781116,2.56375,0.5,1.5,2.5,5.41909052006453,3.17916666666667,3.5
"2541",2021,5,2,122,6.12622317596566,5.11957081545065,5.15907725321888,2.50375,0.5,1.5,2.494375,5.52957729714441,3.50416666666667,3.58333333333333
"2549",2021,5,3,123,6.16467811158799,5.25484978540772,5.31392703862661,2.44375,0.5,1.5,2.44375,5.63059656652361,3.28333333333333,3.6
"2557",2021,5,4,124,6.2031330472103,5.39012875536481,5.46877682403434,2.38375,0.5,1.5,2.38375,5.73106008583691,3.41666666666667,3.60416666666667
"2565",2021,5,5,125,6.24158798283262,5.52540772532189,5.62362660944206,2.32375,0.5,1.5,2.32375,5.83152360515021,4.05,3.7625
"2573",2021,5,6,126,6.28004291845494,5.66068669527897,5.77847639484979,2.26375,0.5,1.5,2.26375,5.93198712446352,4.33333333333333,3.91666666666667
"2581",2021,5,7,127,6.31849785407725,5.79596566523605,5.93332618025751,2.20375,0.5,1.5,2.20375,6.03245064377682,4.75833333333333,4.10416666666667
"2589",2021,5,8,128,6.35695278969957,5.93124463519313,6.08817596566524,2.14375,0.5,1.5,2.14375,6.13291416309013,4.62916666666667,4.3125
"2597",2021,5,9,129,6.39540772532188,6.06652360515021,6.24302575107296,2.08375,0.5,1.5,2.08375,6.23337768240343,4.34583333333333,4.34583333333333
"2605",2021,5,10,130,6.4338626609442,6.20180257510729,6.39787553648069,2.02375,0.5,1.5,2.02375,6.33384120171674,4.2875,4.3
"2613",2021,5,11,131,6.47231759656653,6.33708154506438,6.55272532188841,1.96375,0.5,1.5,1.96375,6.43573519901229,4.4125,4.3125
"2621",2021,5,12,132,6.51077253218884,6.47236051502146,6.70757510729614,1.90375,0.5,1.5,1.90375,6.53726714562145,4.72916666666667,4.4
"2629",2021,5,13,133,6.54922746781116,6.60763948497854,6.86242489270386,1.84375,0.5,1.5,1.84375,6.63707124463519,5.8625,4.575
"2637",2021,5,14,134,6.58768240343348,6.74291845493562,7.01727467811159,1.78375,0.5,1.5,1.78375,6.73501131102137,7.28333333333333,5.0125
"2645",2021,5,15,135,6.62613733905579,6.87819742489271,7.17212446351931,1.72375,0.5,1.5,1.72375,6.83093646186916,8.22916666666667,5.64166666666667
"2653",2021,5,16,136,6.66459227467811,7.01347639484979,7.32697424892704,1.66375,0.5,1.5,1.66375,6.92467907855491,8.94166666666667,6.175
"2661",2021,5,17,137,6.70304721030043,7.14875536480687,7.48182403433476,1.60375,0.5,1.5,1.60375,7.01605242018774,9.22916666666667,6.72916666666667
"2669",2021,5,18,138,6.74150214592274,7.28403433476395,7.63667381974249,1.54375,0.5,1.5,1.54375,7.10484781667126,9.025,7.04583333333333
"2677",2021,5,19,139,6.77995708154507,7.41931330472103,7.79152360515021,1.48375,0.5,1.4821875,1.48375,7.05511087267525,9.00833333333333,7.1875
"2685",2021,5,20,140,6.81841201716739,7.55459227467811,7.94637339055794,1.42375,0.5,1.42375,1.42375,7.12910228898426,9.05,7.37083333333333
"2693",2021,5,21,141,6.8568669527897,7.68987124463519,8.10122317596566,1.36375,0.5,1.36375,1.36375,7.20309370529327,9.17916666666667,7.48333333333333
"2701",2021,5,22,142,6.89532188841202,7.82515021459228,8.25607296137339,1.30375,0.5,1.30375,1.30375,7.27708512160229,9.39583333333333,7.625
"2709",2021,5,23,143,6.93377682403433,7.96042918454935,8.41092274678112,1.24375,0.5,1.24375,1.24375,7.3510765379113,9.90833333333333,7.875
"2717",2021,5,24,144,6.97223175965665,8.09570815450644,8.56577253218884,1.18375,0.5,1.18375,1.18375,7.42506795422032,9.72083333333333,8.08333333333333
"2725",2021,5,25,145,7.01068669527897,8.23098712446352,8.72062231759657,1.12375,0.5,1.12375,1.12375,7.49905937052933,9.70833333333333,8.1875
"2733",2021,5,26,146,7.04914163090128,8.3662660944206,8.87547210300429,1.06375,0.5,1.06375,1.06375,7.57305078683834,9.625,8.2625
"2741",2021,5,27,147,7.08038626609442,8.47618025751073,9.00128755364807,1.015,0.5,1.015,1.015,7.63316881258941,9.35833333333333,8.25416666666667
