Time,Temp0.5,Temp1.5,Temp2.5,Depth
9/11/2020 10:36,19.04,16.86,,61
9/11/2020 13:36,16.04,15.96,,
9/11/2020 16:36,16.01,15.94,,
9/11/2020 19:36,15.98,15.92,,
9/11/2020 22:36,15.96,15.89,,
9/12/2020 1:36,15.93,15.87,,
9/12/2020 4:36,15.9,15.85,,
9/12/2020 7:36,15.88,15.83,,
9/12/2020 10:36,15.86,15.8,,
9/12/2020 13:36,15.84,15.78,,
9/12/2020 16:36,15.82,15.76,,
9/12/2020 19:36,15.79,15.74,,
9/12/2020 22:36,15.77,15.72,,
9/13/2020 1:36,15.75,15.7,,
9/13/2020 4:36,15.72,15.68,,
9/13/2020 7:36,15.71,15.66,,
9/13/2020 10:36,15.69,15.64,,
9/13/2020 13:36,15.67,15.62,,
9/13/2020 16:36,15.62,15.55,,
9/13/2020 19:36,15.56,15.49,,
9/13/2020 22:36,15.53,15.47,,
9/14/2020 1:36,15.52,15.45,,
9/14/2020 4:36,15.5,15.44,,
9/14/2020 7:36,15.49,15.43,,
9/14/2020 10:36,15.48,15.42,,
9/14/2020 13:36,15.47,15.42,,
9/14/2020 16:36,15.47,15.42,,
9/14/2020 19:36,15.46,15.41,,
9/14/2020 22:36,15.46,15.41,,
9/15/2020 1:36,15.46,15.41,,
9/15/2020 4:36,15.46,15.41,,
9/15/2020 7:36,15.46,15.42,,
9/15/2020 10:36,15.46,15.42,,
9/15/2020 13:36,15.47,15.43,,
9/15/2020 16:36,15.51,15.54,,
9/15/2020 19:36,15.62,15.67,,
9/15/2020 22:36,15.66,15.72,,
9/16/2020 1:36,15.68,15.74,,
9/16/2020 4:36,15.7,15.77,,
9/16/2020 7:36,15.72,15.79,,
9/16/2020 10:36,15.75,15.8,,
9/16/2020 13:36,15.76,15.82,,
9/16/2020 16:36,15.78,15.82,,
9/16/2020 19:36,15.78,15.83,,
9/16/2020 22:36,15.79,15.83,,
9/17/2020 1:36,15.79,15.83,,
9/17/2020 4:36,15.79,15.82,,
9/17/2020 7:36,15.79,15.82,,
9/17/2020 10:36,15.78,15.8,,
9/17/2020 13:36,15.76,15.77,,
9/17/2020 16:36,15.73,15.72,,
9/17/2020 19:36,15.67,15.66,,
9/17/2020 22:36,15.63,15.6,,
9/18/2020 1:36,15.57,15.54,,
9/18/2020 4:36,15.53,15.49,,
9/18/2020 7:36,15.47,15.43,,
9/18/2020 10:36,15.41,15.36,,
9/18/2020 13:36,15.33,15.27,,
9/18/2020 16:36,15.25,15.17,,
9/18/2020 19:36,15.15,15.08,,
9/18/2020 22:36,15.07,15,,
9/19/2020 1:36,14.97,14.73,,
9/19/2020 4:36,14.64,14.35,,
9/19/2020 7:36,14.56,14.3,,
9/19/2020 10:36,14.51,14.28,,
9/19/2020 13:36,14.48,14.27,,
9/19/2020 16:36,14.46,14.26,,
9/19/2020 19:36,14.44,14.25,,
9/19/2020 22:36,14.42,14.25,,
9/20/2020 1:36,14.4,14.24,,
9/20/2020 4:36,14.39,14.24,,
9/20/2020 7:36,14.37,14.24,,
9/20/2020 10:36,14.36,14.24,,
9/20/2020 13:36,14.35,14.24,,
9/20/2020 16:36,14.34,14.24,,
9/20/2020 19:36,14.33,14.24,,
9/20/2020 22:36,14.32,14.24,,
9/21/2020 1:36,14.31,14.24,,
9/21/2020 4:36,14.31,14.24,,
9/21/2020 7:36,14.3,14.25,,
9/21/2020 10:36,14.3,14.24,,
9/21/2020 13:36,14.3,14.25,,
9/21/2020 16:36,14.3,14.25,,
9/21/2020 19:36,14.3,14.26,,
9/21/2020 22:36,14.3,14.26,,
9/22/2020 1:36,14.31,14.27,,
9/22/2020 4:36,14.31,14.28,,
9/22/2020 7:36,14.32,14.28,,
9/22/2020 10:36,14.32,14.29,,
9/22/2020 13:36,14.32,14.24,,
9/22/2020 16:36,14.26,14.15,,
9/22/2020 19:36,14.29,14.17,,
9/22/2020 22:36,14.31,14.19,,
9/23/2020 1:36,14.32,14.21,,
9/23/2020 4:36,14.33,14.23,,
9/23/2020 7:36,14.35,14.25,,
9/23/2020 10:36,14.36,14.26,,
9/23/2020 13:36,14.36,14.27,,
9/23/2020 16:36,14.36,14.26,,
9/23/2020 19:36,14.35,14.25,,
9/23/2020 22:36,14.33,14.23,,
9/24/2020 1:36,14.32,14.22,,
9/24/2020 4:36,14.31,14.21,,
9/24/2020 7:36,14.3,14.21,,
9/24/2020 10:36,14.3,14.22,,
9/24/2020 13:36,14.3,14.22,,
9/24/2020 16:36,14.31,14.23,,
9/24/2020 19:36,14.31,14.24,,
9/24/2020 22:36,14.32,14.26,,
9/25/2020 1:36,14.32,14.27,,
9/25/2020 4:36,14.34,14.28,,
9/25/2020 7:36,14.34,14.28,,
9/25/2020 10:36,14.34,14.28,,
9/25/2020 13:36,14.33,14.26,,
9/25/2020 16:36,14.31,14.24,,
9/25/2020 19:36,14.28,14.21,,
9/25/2020 22:36,14.26,14.18,,
9/26/2020 1:36,14.24,14.16,,
9/26/2020 4:36,14.16,14.12,,
9/26/2020 7:36,14.13,14.09,,
9/26/2020 10:36,14.12,14.07,,
9/26/2020 13:36,14.12,14.05,,
9/26/2020 16:36,14.11,14.05,,
9/26/2020 19:36,14.11,14.05,,
9/26/2020 22:36,14.1,14.05,,
9/27/2020 1:36,14.1,14.05,,
9/27/2020 4:36,14.1,14.05,,
9/27/2020 7:36,14.1,14.06,,
9/27/2020 10:36,14.11,14.07,,
9/27/2020 13:36,14.12,14.09,,
9/27/2020 16:36,14.14,14.11,,
9/27/2020 19:36,14.16,14.13,,
9/27/2020 22:36,14.18,14.16,,
9/28/2020 1:36,14.21,14.19,,
9/28/2020 4:36,14.23,14.22,,
9/28/2020 7:36,14.24,14.25,,
9/28/2020 10:36,14.27,14.28,,
9/28/2020 13:36,14.29,14.3,,
9/28/2020 16:36,14.31,14.33,,
9/28/2020 19:36,14.33,14.35,,
9/28/2020 22:36,14.35,14.37,,
9/29/2020 1:36,14.36,14.39,,
9/29/2020 4:36,14.38,14.4,,
9/29/2020 7:36,14.4,14.41,,
9/29/2020 10:36,14.41,14.43,,
9/29/2020 13:36,14.41,14.44,,
9/29/2020 16:36,14.42,14.45,,
9/29/2020 19:36,14.42,14.44,,
9/29/2020 22:36,14.41,14.44,,
9/30/2020 1:36,14.41,14.43,,
9/30/2020 4:36,14.4,14.43,,
9/30/2020 7:36,14.4,14.43,,
9/30/2020 10:36,14.4,14.43,,
9/30/2020 13:36,14.4,14.42,,
9/30/2020 16:36,14.4,14.41,,
9/30/2020 19:36,14.39,14.4,,
9/30/2020 22:36,14.39,14.38,,
10/1/2020 1:36,14.38,14.37,,
10/1/2020 4:36,14.37,14.37,,
10/1/2020 7:36,14.37,14.36,,
10/1/2020 10:36,14.37,14.36,,
10/1/2020 13:36,14.37,14.37,,
10/1/2020 16:36,14.37,14.37,,
10/1/2020 19:36,14.37,14.37,,
10/1/2020 22:36,14.37,14.36,,
10/2/2020 1:36,14.37,14.36,,
10/2/2020 4:36,14.37,14.36,,
10/2/2020 7:36,14.37,14.35,,
10/2/2020 10:36,14.36,14.35,,
10/2/2020 13:36,14.36,14.35,,
10/2/2020 16:36,14.36,14.35,,
10/2/2020 19:36,14.36,14.35,,
10/2/2020 22:36,14.36,14.36,,
10/3/2020 1:36,14.37,14.36,,
10/3/2020 4:36,14.37,14.37,,
10/3/2020 7:36,14.37,14.37,,
10/3/2020 10:36,14.37,14.38,,
10/3/2020 13:36,14.38,14.39,,
10/3/2020 16:36,14.39,14.4,,
10/3/2020 19:36,14.4,14.41,,
10/3/2020 22:36,14.4,14.42,,
10/4/2020 1:36,14.42,14.43,,
10/4/2020 4:36,14.43,14.45,,
10/4/2020 7:36,14.44,14.46,,
10/4/2020 10:36,14.45,14.47,,
10/4/2020 13:36,14.46,14.49,,
10/4/2020 16:36,14.48,14.51,,
10/4/2020 19:36,14.5,14.52,,
10/4/2020 22:36,14.51,14.53,,
10/5/2020 1:36,14.52,14.55,,
10/5/2020 4:36,14.53,14.56,,
10/5/2020 7:36,14.55,14.58,,
10/5/2020 10:36,14.56,14.59,,
10/5/2020 13:36,14.57,14.6,,
10/5/2020 16:36,14.58,14.61,,
10/5/2020 19:36,14.58,14.61,,
10/5/2020 22:36,14.58,14.6,,
10/6/2020 1:36,14.57,14.59,,
10/6/2020 4:36,14.57,14.58,,
10/6/2020 7:36,14.56,14.58,,
10/6/2020 10:36,14.56,14.57,,
10/6/2020 13:36,14.55,14.56,,
10/6/2020 16:36,14.54,14.56,,
10/6/2020 19:36,14.54,14.55,,
10/6/2020 22:36,14.53,14.55,,
10/7/2020 1:36,14.53,14.54,,
10/7/2020 4:36,14.52,14.54,,
10/7/2020 7:36,14.52,14.53,,
10/7/2020 10:36,14.51,14.53,,
10/7/2020 13:36,14.51,14.53,,
10/7/2020 16:36,14.51,14.53,,
10/7/2020 19:36,14.5,14.52,,
10/7/2020 22:36,14.5,14.52,,
10/8/2020 1:36,14.49,14.52,,
10/8/2020 4:36,14.49,14.5,,
10/8/2020 7:36,14.48,14.5,,
10/8/2020 10:36,14.48,14.5,,
10/8/2020 13:36,14.47,14.49,,
10/8/2020 16:36,14.46,14.49,,
10/8/2020 19:36,14.46,14.48,,
10/8/2020 22:36,14.45,14.47,,
10/9/2020 1:36,14.44,14.46,,
10/9/2020 4:36,14.43,14.45,,
10/9/2020 7:36,14.43,14.45,,
10/9/2020 10:36,14.42,14.45,,
10/9/2020 13:36,14.42,14.43,,
10/9/2020 16:36,14.41,14.43,,
10/9/2020 19:36,14.4,14.41,,
10/9/2020 22:36,14.38,14.41,,
10/10/2020 1:36,14.38,14.39,,
10/10/2020 4:36,14.36,14.38,,
10/10/2020 7:36,14.35,14.36,,
10/10/2020 10:36,14.34,14.35,,
10/10/2020 13:36,14.33,14.35,,
10/10/2020 16:36,14.31,14.33,,
10/10/2020 19:36,14.3,14.31,,
10/10/2020 22:36,14.28,14.29,,
10/11/2020 1:36,14.26,14.27,,
10/11/2020 4:36,14.25,14.25,,
10/11/2020 7:36,14.22,14.22,,
10/11/2020 10:36,14.18,14.18,,
10/11/2020 13:36,14.13,14.12,,
10/11/2020 16:36,14.08,14.04,,
10/11/2020 19:36,14.03,13.97,,
10/11/2020 22:36,13.97,13.9,,
10/12/2020 1:36,13.92,13.84,,
10/12/2020 4:36,13.88,13.79,,
10/12/2020 7:36,13.84,13.75,,
10/12/2020 10:36,13.79,13.71,,
10/12/2020 13:36,13.76,13.65,,
10/12/2020 16:36,13.71,13.59,,
10/12/2020 19:36,13.67,13.53,,
10/12/2020 22:36,13.61,13.47,,
10/13/2020 1:36,13.57,13.43,,
10/13/2020 4:36,13.53,13.39,,
10/13/2020 7:36,13.5,13.35,,
10/13/2020 10:36,13.46,13.32,,
10/13/2020 13:36,13.43,13.28,,
10/13/2020 16:36,13.39,13.23,,
10/13/2020 19:36,13.34,13.17,,
10/13/2020 22:36,13.31,13.13,,
10/14/2020 1:36,13.26,13.09,,
10/14/2020 4:36,13.23,13.06,,
10/14/2020 7:36,13.2,13.02,,
10/14/2020 10:36,13.15,12.96,,
10/14/2020 13:36,13.09,12.88,,
10/14/2020 16:36,13.02,12.8,,
10/14/2020 19:36,12.95,12.73,,
10/14/2020 22:36,12.89,12.68,,
10/15/2020 1:36,12.84,12.63,,
10/15/2020 4:36,12.79,12.58,,
10/15/2020 7:36,12.74,12.52,,
10/15/2020 10:36,12.68,12.47,,
10/15/2020 13:36,12.63,12.41,,
10/15/2020 16:36,12.57,12.36,,
10/15/2020 19:36,12.53,12.31,,
10/15/2020 22:36,12.49,12.28,,
10/16/2020 1:36,12.45,12.24,,
10/16/2020 4:36,12.42,12.2,,
10/16/2020 7:36,12.37,12.14,,
10/16/2020 10:36,12.3,12.07,,
10/16/2020 13:36,12.22,11.98,,
10/16/2020 16:36,12.14,11.89,,
10/16/2020 19:36,12.06,11.82,,
10/16/2020 22:36,12,11.75,,
10/17/2020 1:36,11.95,11.7,,
10/17/2020 4:36,11.9,11.66,,
10/17/2020 7:36,11.86,11.62,,
10/17/2020 10:36,11.8,11.56,,
10/17/2020 13:36,11.73,11.48,,
10/17/2020 16:36,11.66,11.4,,
10/17/2020 19:36,11.58,11.33,,
10/17/2020 22:36,11.53,11.27,,
10/18/2020 1:36,11.48,11.23,,
10/18/2020 4:36,11.45,11.21,,
10/18/2020 7:36,11.43,11.2,,
10/18/2020 10:36,11.43,11.2,,
10/18/2020 13:36,11.42,11.21,,
10/18/2020 16:36,11.42,11.21,,
10/18/2020 19:36,11.42,11.21,,
10/18/2020 22:36,11.42,11.21,,
10/19/2020 1:36,11.42,11.21,,
10/19/2020 4:36,11.42,11.21,,
10/19/2020 7:36,11.4,11.19,,
10/19/2020 10:36,11.37,11.15,,
10/19/2020 13:36,11.32,11.08,,
10/19/2020 16:36,11.27,11.01,,
10/19/2020 19:36,11.21,10.95,,
10/19/2020 22:36,11.17,10.9,,
10/20/2020 1:36,11.13,10.86,,
10/20/2020 4:36,11.1,10.82,,
10/20/2020 7:36,11.06,10.79,,
10/20/2020 10:36,11.03,10.77,,
10/20/2020 13:36,11.01,10.75,,162
10/20/2020 16:36,10.99,10.72,,
10/20/2020 19:36,10.96,10.7,,
10/20/2020 22:36,10.94,10.69,,
10/21/2020 1:36,10.93,10.68,,
10/21/2020 4:36,10.91,10.67,,
10/21/2020 7:36,10.9,10.67,,
10/21/2020 10:36,10.89,10.66,,
10/21/2020 13:36,10.89,10.66,,
10/21/2020 16:36,10.89,10.67,,
10/21/2020 19:36,10.89,10.67,,
10/21/2020 22:36,10.89,10.67,,
10/22/2020 1:36,10.89,10.68,,
10/22/2020 4:36,10.89,10.69,,
10/22/2020 7:36,10.89,10.7,,
10/22/2020 10:36,10.9,10.72,,
10/22/2020 13:36,10.93,10.75,,
10/22/2020 16:36,10.95,10.78,,
10/22/2020 19:36,10.98,10.81,,
10/22/2020 22:36,11,10.84,,
10/23/2020 1:36,11.02,10.87,,
10/23/2020 4:36,11.05,10.9,,
10/23/2020 7:36,11.07,10.92,,
10/23/2020 10:36,11.1,10.95,,
10/23/2020 13:36,11.12,10.99,,
10/23/2020 16:36,11.15,11.02,,
10/23/2020 19:36,11.17,11.05,,
10/23/2020 22:36,11.2,11.07,,
10/24/2020 1:36,11.22,11.09,,
10/24/2020 4:36,11.24,11.12,,
10/24/2020 7:36,11.26,11.15,,
10/24/2020 10:36,11.28,11.17,,
10/24/2020 13:36,11.3,11.19,,
10/24/2020 16:36,11.32,11.21,,
10/24/2020 19:36,11.34,11.22,,
10/24/2020 22:36,11.35,11.24,,
10/25/2020 1:36,11.36,11.25,,
10/25/2020 3:36,11.38,11.27,,
10/25/2020 6:36,11.39,11.28,,
10/25/2020 9:36,11.4,11.29,,
10/25/2020 12:36,11.42,11.31,,
10/25/2020 15:36,11.42,11.32,,
10/25/2020 18:36,11.43,11.33,,
10/25/2020 21:36,11.44,11.33,,
10/26/2020 0:36,11.45,11.35,,
10/26/2020 3:36,11.46,11.36,,
10/26/2020 6:36,11.47,11.36,,
10/26/2020 9:36,11.48,11.38,,
10/26/2020 12:36,11.49,11.39,,
10/26/2020 15:36,11.5,11.4,,
10/26/2020 18:36,11.51,11.42,,
10/26/2020 21:36,11.52,11.43,,
10/27/2020 0:36,11.53,11.43,,
10/27/2020 3:36,11.54,11.45,,
10/27/2020 6:36,11.55,11.45,,
10/27/2020 9:36,11.55,11.47,,
10/27/2020 12:36,11.56,11.47,,
10/27/2020 15:36,11.57,11.48,,
10/27/2020 18:36,11.57,11.49,,
10/27/2020 21:36,11.57,11.49,,
10/28/2020 0:36,11.57,11.49,,
10/28/2020 3:36,11.57,11.49,,
10/28/2020 6:36,11.58,11.49,,
10/28/2020 9:36,11.57,11.49,,
10/28/2020 12:36,11.57,11.49,,
10/28/2020 15:36,11.57,11.49,,
10/28/2020 18:36,11.56,11.48,,
10/28/2020 21:36,11.55,11.47,,
10/29/2020 0:36,11.55,11.46,,
10/29/2020 3:36,11.54,11.45,,
10/29/2020 6:36,11.54,11.45,,
10/29/2020 9:36,11.53,11.44,,
10/29/2020 12:36,11.52,11.44,,
10/29/2020 15:36,11.51,11.44,,
10/29/2020 18:36,11.51,11.43,,
10/29/2020 21:36,11.5,11.42,,
10/30/2020 0:36,11.49,11.41,,
10/30/2020 3:36,11.48,11.41,,
10/30/2020 6:36,11.47,11.4,,
10/30/2020 9:36,11.47,11.4,,
10/30/2020 12:36,11.46,11.39,,
10/30/2020 15:36,11.46,11.38,,
10/30/2020 18:36,11.45,11.36,,
10/30/2020 21:36,11.43,11.35,,
10/31/2020 0:36,11.42,11.34,,
10/31/2020 3:36,11.41,11.33,,
10/31/2020 6:36,11.4,11.31,,
10/31/2020 9:36,11.38,11.29,,
10/31/2020 12:36,11.37,11.28,,
10/31/2020 15:36,11.36,11.27,,
10/31/2020 18:36,11.35,11.25,,
10/31/2020 21:36,11.34,11.24,,
11/1/2020 0:36,11.32,11.23,,
11/1/2020 3:36,11.31,11.22,,
11/1/2020 6:36,11.3,11.22,,
11/1/2020 9:36,11.29,11.21,,
11/1/2020 12:36,11.29,11.21,,
11/1/2020 15:36,11.29,11.21,,
11/1/2020 18:36,11.28,11.21,,
11/1/2020 21:36,11.28,11.21,,
11/2/2020 0:36,11.28,11.22,,
11/2/2020 3:36,11.29,11.22,,
11/2/2020 6:36,11.29,11.23,,
11/2/2020 9:36,11.3,11.23,,
11/2/2020 12:36,11.3,11.25,,
11/2/2020 15:36,11.31,11.26,,
11/2/2020 18:36,11.32,11.27,,
11/2/2020 21:36,11.32,11.27,,
11/3/2020 0:36,11.34,11.29,,
11/3/2020 3:36,11.35,11.3,,
11/3/2020 6:36,11.37,11.32,,
11/3/2020 9:36,11.38,11.35,,
11/3/2020 12:36,11.4,11.36,,
11/3/2020 15:36,11.42,11.37,,
11/3/2020 18:36,11.43,11.39,,
11/3/2020 21:36,11.44,11.4,,
11/4/2020 0:36,11.45,11.42,,
11/4/2020 3:36,11.47,11.43,,
11/4/2020 6:36,11.48,11.43,,
11/4/2020 9:36,11.48,11.44,,
11/4/2020 12:36,11.49,11.45,,
11/4/2020 15:36,11.48,11.44,,
11/4/2020 18:36,11.46,11.41,,
11/4/2020 21:36,11.43,11.38,,
11/5/2020 0:36,11.41,11.35,,
11/5/2020 3:36,11.38,11.32,,
11/5/2020 6:36,11.35,11.28,,
11/5/2020 9:36,11.31,11.24,,
11/5/2020 12:36,11.28,11.2,,
11/5/2020 15:36,11.25,11.17,,
11/5/2020 18:36,11.22,11.14,,
11/5/2020 21:36,11.2,11.12,,
11/6/2020 0:36,11.18,11.09,,
11/6/2020 3:36,11.17,11.08,,
11/6/2020 6:36,11.16,11.07,,
11/6/2020 9:36,11.15,11.06,,
11/6/2020 12:36,11.15,11.07,,
11/6/2020 15:36,11.15,11.07,,
11/6/2020 18:36,11.15,11.07,,
11/6/2020 21:36,11.15,11.06,,
11/7/2020 0:36,11.15,11.07,,
11/7/2020 3:36,11.15,11.07,,
11/7/2020 6:36,11.15,11.08,,
11/7/2020 9:36,11.16,11.08,,
11/7/2020 12:36,11.16,11.08,,
11/7/2020 15:36,11.17,11.09,,
11/7/2020 18:36,11.18,11.09,,
11/7/2020 21:36,11.18,11.1,,
11/8/2020 0:36,11.18,11.1,,
11/8/2020 3:36,11.19,11.11,,
11/8/2020 6:36,11.19,11.11,,
11/8/2020 9:36,11.2,11.12,,
11/8/2020 12:36,11.2,11.12,,
11/8/2020 15:36,11.2,11.12,,
11/8/2020 18:36,11.21,11.12,,
11/8/2020 21:36,11.21,11.12,,
11/9/2020 0:36,11.21,11.12,,
11/9/2020 3:36,11.21,11.12,,
11/9/2020 6:36,11.21,11.12,,
11/9/2020 9:36,11.21,11.12,,
11/9/2020 12:36,11.21,11.12,,
11/9/2020 15:36,11.21,11.12,,
11/9/2020 18:36,11.2,11.12,,
11/9/2020 21:36,11.2,11.12,,
11/10/2020 0:36,11.2,11.11,,
11/10/2020 3:36,11.2,11.11,,
11/10/2020 6:36,11.19,11.1,,
11/10/2020 9:36,11.19,11.1,,
11/10/2020 12:36,11.19,11.09,,
11/10/2020 15:36,11.18,11.09,,
11/10/2020 18:36,11.18,11.08,,
11/10/2020 21:36,11.17,11.08,,
11/11/2020 0:36,11.17,11.08,,
11/11/2020 3:36,11.16,11.08,,
11/11/2020 6:36,11.16,11.07,,
11/11/2020 9:36,11.15,11.07,,
11/11/2020 12:36,11.15,11.05,,
11/11/2020 15:36,11.14,11.05,,
11/11/2020 18:36,11.14,11.05,,
11/11/2020 21:36,11.13,11.03,,
11/12/2020 0:36,11.12,11.02,,
11/12/2020 3:36,11.1,11.01,,
11/12/2020 6:36,11.1,11,,
11/12/2020 9:36,11.08,10.99,,
11/12/2020 12:36,11.07,10.97,,
11/12/2020 15:36,11.06,10.96,,
11/12/2020 18:36,11.04,10.94,,
11/12/2020 21:36,11.03,10.92,,
11/13/2020 0:36,11.01,10.9,,
11/13/2020 3:36,11,10.88,,
11/13/2020 6:36,10.97,10.85,,
11/13/2020 9:36,10.95,10.83,,
11/13/2020 12:36,10.93,10.81,,
11/13/2020 15:36,10.91,10.79,,
11/13/2020 18:36,10.89,10.77,,
11/13/2020 21:36,10.87,10.75,,
11/14/2020 0:36,10.85,10.73,,
11/14/2020 3:36,10.83,10.71,,
11/14/2020 6:36,10.82,10.7,,
11/14/2020 9:36,10.8,10.68,,
11/14/2020 12:36,10.79,10.67,,
11/14/2020 15:36,10.77,10.65,,
11/14/2020 18:36,10.76,10.64,,
11/14/2020 21:36,10.74,10.63,,
11/15/2020 0:36,10.74,10.61,,
11/15/2020 3:36,10.72,10.6,,
11/15/2020 6:36,10.71,10.59,,
11/15/2020 9:36,10.7,10.57,,
11/15/2020 12:36,10.68,10.56,,
11/15/2020 15:36,10.67,10.54,,
11/15/2020 18:36,10.66,10.54,,
11/15/2020 21:36,10.64,10.52,,
11/16/2020 0:36,10.63,10.51,,
11/16/2020 3:36,10.62,10.5,,
11/16/2020 6:36,10.61,10.49,,
11/16/2020 9:36,10.61,10.48,,
11/16/2020 12:36,10.59,10.48,,
11/16/2020 15:36,10.59,10.48,,
11/16/2020 18:36,10.59,10.48,,
11/16/2020 21:36,10.59,10.47,,
11/17/2020 0:36,10.58,10.47,,
11/17/2020 3:36,10.58,10.47,,
11/17/2020 6:36,10.58,10.48,,
11/17/2020 9:36,10.58,10.47,,
11/17/2020 12:36,10.58,10.48,,
11/17/2020 15:36,10.57,10.48,,
11/17/2020 18:36,10.58,10.48,,
11/17/2020 21:36,10.58,10.48,,
11/18/2020 0:36,10.58,10.48,,
11/18/2020 3:36,10.58,10.48,,
11/18/2020 6:36,10.58,10.49,,
11/18/2020 9:36,10.58,10.49,,
11/18/2020 12:36,10.59,10.5,,
11/18/2020 15:36,10.59,10.5,,
11/18/2020 18:36,10.59,10.51,,
11/18/2020 21:36,10.6,10.52,,
11/19/2020 0:36,10.61,10.52,,
11/19/2020 3:36,10.61,10.53,,
11/19/2020 6:36,10.62,10.54,,
11/19/2020 9:36,10.63,10.54,,
11/19/2020 12:36,10.63,10.55,,
11/19/2020 15:36,10.63,10.54,,
11/19/2020 18:36,10.62,10.53,,
11/19/2020 21:36,10.61,10.52,,
11/20/2020 0:36,10.59,10.49,,
11/20/2020 3:36,10.56,10.44,,
11/20/2020 6:36,10.5,10.38,,
11/20/2020 9:36,10.45,10.32,,
11/20/2020 12:36,10.39,10.24,,
11/20/2020 15:36,10.32,10.16,,
11/20/2020 18:36,10.25,10.09,,
11/20/2020 21:36,10.2,10.02,,
11/21/2020 0:36,10.14,9.95,,
11/21/2020 3:36,10.08,9.88,,
11/21/2020 6:36,10.03,9.82,,
11/21/2020 9:36,9.97,9.75,,
11/21/2020 12:36,9.92,9.7,,
11/21/2020 15:36,9.87,9.65,,
11/21/2020 18:36,9.83,9.61,,
11/21/2020 21:36,9.79,9.57,,
11/22/2020 0:36,9.75,9.53,,
11/22/2020 3:36,9.72,9.5,,
11/22/2020 6:36,9.69,9.48,,
11/22/2020 9:36,9.66,9.46,,
11/22/2020 12:36,9.64,9.44,,
11/22/2020 15:36,9.61,9.41,,
11/22/2020 18:36,9.59,9.4,,
11/22/2020 21:36,9.57,9.38,,
11/23/2020 0:36,9.55,9.36,,
11/23/2020 3:36,9.53,9.35,,
11/23/2020 6:36,9.51,9.33,,
11/23/2020 9:36,9.5,9.31,,
11/23/2020 12:36,9.48,9.3,,
11/23/2020 15:36,9.46,9.27,,
11/23/2020 18:36,9.44,9.26,,
11/23/2020 21:36,9.43,9.25,,
11/24/2020 0:36,9.42,9.24,,
11/24/2020 3:36,9.4,9.23,,
11/24/2020 6:36,9.4,9.22,,
11/24/2020 9:36,9.39,9.21,,
11/24/2020 12:36,9.38,9.22,,
11/24/2020 15:36,9.38,9.22,,
11/24/2020 18:36,9.38,9.22,,
11/24/2020 21:36,9.37,9.21,,
11/25/2020 0:36,9.38,9.21,,
11/25/2020 3:36,9.38,9.22,,
11/25/2020 6:36,9.38,9.22,,
11/25/2020 9:36,9.38,9.22,,
11/25/2020 12:36,9.38,9.23,,
11/25/2020 15:36,9.4,9.24,,
11/25/2020 18:36,9.4,9.24,,
11/25/2020 21:36,9.41,9.25,,
11/26/2020 0:36,9.41,9.26,,
11/26/2020 3:36,9.42,9.26,,
11/26/2020 6:36,9.42,9.26,,
11/26/2020 9:36,9.43,9.26,,
11/26/2020 12:36,9.43,9.26,,
11/26/2020 15:36,9.43,9.26,,
11/26/2020 18:36,9.44,9.26,,
11/26/2020 21:36,9.44,9.26,,
11/27/2020 0:36,9.44,9.26,,
11/27/2020 3:36,9.44,9.27,,
11/27/2020 6:36,9.44,9.27,,
11/27/2020 9:36,9.44,9.26,,
11/27/2020 12:36,9.42,9.24,,
11/27/2020 15:36,9.4,9.2,,
11/27/2020 18:36,9.37,9.16,,
11/27/2020 21:36,9.33,9.11,,
11/28/2020 0:36,9.29,9.05,,
11/28/2020 3:36,9.25,8.99,,
11/28/2020 6:36,9.2,8.93,,
11/28/2020 9:36,9.14,8.85,,
11/28/2020 12:36,9.07,8.77,,
11/28/2020 15:36,9,8.7,,
11/28/2020 18:36,8.93,8.62,,
11/28/2020 21:36,8.85,8.55,,
11/29/2020 0:36,8.79,8.47,,
11/29/2020 3:36,8.73,8.4,,
11/29/2020 6:36,8.66,8.34,,
11/29/2020 9:36,8.6,8.28,,
11/29/2020 12:36,8.53,8.21,,
11/29/2020 15:36,8.46,8.14,,
11/29/2020 18:36,8.39,8.08,,
11/29/2020 21:36,8.33,8.02,,
11/30/2020 0:36,8.26,7.96,,
11/30/2020 3:36,8.19,7.89,,
11/30/2020 6:36,8.13,7.83,,
11/30/2020 9:36,8.06,7.76,,
11/30/2020 12:36,7.99,7.7,,
11/30/2020 15:36,7.94,7.64,,
11/30/2020 18:36,7.88,7.58,,
11/30/2020 21:36,7.83,7.53,,
12/1/2020 0:36,7.78,7.49,,
12/1/2020 3:36,7.74,7.45,,
12/1/2020 6:36,7.7,7.41,,
12/1/2020 9:36,7.66,7.37,,
12/1/2020 12:36,7.63,7.34,,
12/1/2020 15:36,7.6,7.3,,
12/1/2020 18:36,7.57,7.28,,
12/1/2020 21:36,7.54,7.25,,
12/2/2020 0:36,7.52,7.24,,
12/2/2020 3:36,7.51,7.22,,
12/2/2020 6:36,7.49,7.21,,
12/2/2020 9:36,7.48,7.19,,
12/2/2020 12:36,7.47,7.18,,
12/2/2020 15:36,7.46,7.17,,
12/2/2020 18:36,7.45,7.15,,
12/2/2020 21:36,7.43,7.14,,
12/3/2020 0:36,7.43,7.13,,
12/3/2020 3:36,7.41,7.12,,
12/3/2020 6:36,7.4,7.11,,
12/3/2020 9:36,7.39,7.1,,
12/3/2020 12:36,7.38,7.09,,
12/3/2020 15:36,7.38,7.09,,
12/3/2020 18:36,7.37,7.08,,
12/3/2020 21:36,7.36,7.07,,
12/4/2020 0:36,7.36,7.06,,
12/4/2020 3:36,7.34,7.06,,
12/4/2020 6:36,7.34,7.05,,
12/4/2020 9:36,7.33,7.03,,
12/4/2020 12:36,7.31,7.01,,
12/4/2020 15:36,7.3,6.99,,
12/4/2020 18:36,7.28,6.98,,
12/4/2020 21:36,7.26,6.95,,
12/5/2020 0:36,7.25,6.94,,
12/5/2020 3:36,7.23,6.92,,
12/5/2020 6:36,7.22,6.91,,
12/5/2020 9:36,7.21,6.9,,
12/5/2020 12:36,7.2,6.89,,
12/5/2020 15:36,7.19,6.88,,
12/5/2020 18:36,7.18,6.87,,
12/5/2020 21:36,7.17,6.86,,
12/6/2020 0:36,7.16,6.86,,
12/6/2020 3:36,7.15,6.85,,
12/6/2020 6:36,7.14,6.85,,
12/6/2020 9:36,7.14,6.84,,
12/6/2020 12:36,7.14,6.84,,
12/6/2020 15:36,7.14,6.84,,
12/6/2020 18:36,7.14,6.84,,
12/6/2020 21:36,7.14,6.84,,
12/7/2020 0:36,7.14,6.84,,
12/7/2020 3:36,7.14,6.84,,
12/7/2020 6:36,7.14,6.85,,
12/7/2020 9:36,7.14,6.85,,
12/7/2020 12:36,7.14,6.86,,
12/7/2020 15:36,7.15,6.87,,
12/7/2020 18:36,7.15,6.88,,
12/7/2020 21:36,7.16,6.89,,
12/8/2020 0:36,7.17,6.91,,
12/8/2020 3:36,7.18,6.93,,
12/8/2020 6:36,7.19,6.94,,
12/8/2020 9:36,7.2,6.96,,
12/8/2020 12:36,7.21,6.98,,
12/8/2020 15:36,7.22,6.99,,
12/8/2020 18:36,7.24,7.01,,
12/8/2020 21:36,7.25,7.03,,
12/9/2020 0:36,7.26,7.05,,
12/9/2020 3:36,7.27,7.06,,
12/9/2020 6:36,7.29,7.08,,
12/9/2020 9:36,7.3,7.09,,
12/9/2020 12:36,7.31,7.1,,
12/9/2020 15:36,7.32,7.11,,
12/9/2020 18:36,7.33,7.13,,
12/9/2020 21:36,7.34,7.14,,
12/10/2020 0:36,7.35,7.14,,
12/10/2020 3:36,7.35,7.15,,
12/10/2020 6:36,7.36,7.16,,
12/10/2020 9:36,7.36,7.17,,
12/10/2020 12:36,7.37,7.17,,
12/10/2020 15:36,7.37,7.18,,
12/10/2020 18:36,7.38,7.18,,
12/10/2020 21:36,7.38,7.18,,
12/11/2020 0:36,7.38,7.18,,
12/11/2020 3:36,7.38,7.19,,
12/11/2020 6:36,7.38,7.19,,
12/11/2020 9:36,7.38,7.19,,
12/11/2020 12:36,7.38,7.18,,
12/11/2020 15:36,7.38,7.18,,
12/11/2020 18:36,7.38,7.18,,
12/11/2020 21:36,7.38,7.18,,
12/12/2020 0:36,7.37,7.17,,
12/12/2020 3:36,7.37,7.16,,
12/12/2020 6:36,7.35,7.15,,
12/12/2020 9:36,7.35,7.14,,
12/12/2020 12:36,7.33,7.13,,
12/12/2020 15:36,7.32,7.11,,
12/12/2020 18:36,7.32,7.11,,
12/12/2020 21:36,7.3,7.1,,
12/13/2020 0:36,7.29,7.09,,
12/13/2020 3:36,7.28,7.08,,
12/13/2020 6:36,7.27,7.06,,
12/13/2020 9:36,7.27,7.06,,
12/13/2020 12:36,7.26,7.05,,
12/13/2020 15:36,7.25,7.05,,
12/13/2020 18:36,7.23,7.04,,
12/13/2020 21:36,7.23,7.03,,
12/14/2020 0:36,7.23,7.03,,
12/14/2020 3:36,7.22,7.03,,
12/14/2020 6:36,7.22,7.03,,
12/14/2020 9:36,8.03,7.07,,
12/14/2020 12:36,8.56,8.52,,
12/14/2020 15:36,8.67,8.48,,
12/14/2020 18:36,8.67,8.51,,
12/14/2020 21:36,8.67,8.51,,
12/15/2020 0:36,8.66,8.49,,
12/15/2020 3:36,8.67,8.45,,
12/15/2020 6:36,8.66,8.46,,
12/15/2020 9:36,8.65,8.61,,
12/15/2020 12:36,8.74,8.68,,
12/15/2020 15:36,8.74,8.69,,
12/15/2020 18:36,8.74,8.68,,
12/15/2020 21:36,8.74,8.68,,
12/16/2020 0:36,8.74,8.69,,
12/16/2020 3:36,8.75,8.69,,
12/16/2020 6:36,8.74,8.69,,
12/16/2020 9:36,8.75,8.69,,
12/16/2020 12:36,8.74,8.69,,
12/16/2020 15:36,8.74,8.69,,
12/16/2020 18:36,8.74,8.69,,
12/16/2020 21:36,8.74,8.7,,
12/17/2020 0:36,8.74,8.7,,
12/17/2020 3:36,8.74,8.7,,
12/17/2020 6:36,8.74,8.7,,
12/17/2020 9:36,8.74,8.7,,
12/17/2020 12:36,8.74,8.7,,
12/17/2020 15:36,8.74,8.7,,
12/17/2020 18:36,8.74,8.7,,
12/17/2020 21:36,8.74,8.7,,
12/18/2020 0:36,8.74,8.7,,
12/18/2020 3:36,8.75,8.71,,
12/18/2020 6:36,8.75,8.71,,
12/18/2020 9:36,8.74,8.71,,
12/18/2020 12:36,8.74,8.71,,
12/18/2020 15:36,8.74,8.71,,
12/18/2020 18:36,8.74,8.71,,
12/18/2020 21:36,8.73,8.71,,
12/19/2020 0:36,8.73,8.71,,
12/19/2020 3:36,8.72,8.72,,
12/19/2020 6:36,8.7,8.72,,
12/19/2020 9:36,8.69,8.71,,
12/19/2020 12:36,8.69,8.72,,
12/19/2020 15:36,8.69,8.72,,
12/19/2020 18:36,8.68,8.72,,
12/19/2020 21:36,8.68,8.72,,
12/20/2020 0:36,8.67,8.72,,
12/20/2020 3:36,8.66,8.71,,
12/20/2020 6:36,8.66,8.71,,
12/20/2020 9:36,8.66,8.7,,
12/20/2020 12:36,8.66,8.7,,400
12/20/2020 15:36,8.66,8.69,,
12/20/2020 18:36,8.65,8.68,,
12/20/2020 21:36,8.64,8.67,,
12/21/2020 0:36,8.65,8.65,,
12/21/2020 3:36,8.64,8.64,,
12/21/2020 6:36,8.64,8.6,,
12/21/2020 9:36,8.63,8.61,,
12/21/2020 12:36,8.62,8.61,,
12/21/2020 15:36,8.62,8.59,,
12/21/2020 18:36,8.61,8.59,,
12/21/2020 21:36,8.61,8.59,,
12/22/2020 0:36,8.6,8.59,,
12/22/2020 3:36,8.59,8.57,,
12/22/2020 6:36,8.58,8.57,,
12/22/2020 9:36,8.58,8.56,,
12/22/2020 12:36,8.56,8.53,,
12/22/2020 15:36,8.56,8.55,,
12/22/2020 18:36,8.56,8.54,,
12/22/2020 21:36,8.56,8.55,,
12/23/2020 0:36,8.56,8.52,,
12/23/2020 3:36,8.56,8.54,,
12/23/2020 6:36,8.56,8.53,,
12/23/2020 9:36,8.56,8.54,,
12/23/2020 12:36,8.55,8.54,,
12/23/2020 15:36,8.54,8.53,,
12/23/2020 18:36,8.54,8.54,,
12/23/2020 21:36,8.54,8.54,,
12/24/2020 0:36,8.53,8.54,,
12/24/2020 3:36,8.52,8.53,,
12/24/2020 6:36,8.51,8.53,,
12/24/2020 9:36,8.51,8.53,,
12/24/2020 12:36,8.5,8.51,,
12/24/2020 15:36,8.51,8.49,,
12/24/2020 18:36,8.39,8.49,,
12/24/2020 21:36,8.38,8.46,,
12/25/2020 0:36,8.43,8.46,,
12/25/2020 3:36,8.44,8.44,,
12/25/2020 6:36,8.42,8.45,,
12/25/2020 9:36,8.41,8.46,,
12/25/2020 12:36,8.39,8.49,,
12/25/2020 15:36,8.17,7.91,,
12/25/2020 18:36,8.14,8.07,,
12/25/2020 21:36,8.13,8.09,,
12/26/2020 0:36,8.14,8.1,,
12/26/2020 3:36,8.14,8.11,,
12/26/2020 6:36,8.14,8.1,,
12/26/2020 9:36,8.15,8.09,,
12/26/2020 12:36,8.15,8.07,,
12/26/2020 15:36,8.15,8.07,,
12/26/2020 18:36,8.14,8.06,,
12/26/2020 21:36,8.13,8.05,,
12/27/2020 0:36,8.12,8.05,,
12/27/2020 3:36,7.84,8.04,,
12/27/2020 6:36,7.62,7.87,,
12/27/2020 9:36,7.65,7.81,,
12/27/2020 12:36,7.91,7.89,,
12/27/2020 15:36,7.88,7.89,,
12/27/2020 18:36,7.81,7.91,,
12/27/2020 21:36,7.83,7.9,,
12/28/2020 0:36,7.83,7.89,,
12/28/2020 3:36,7.78,7.89,,
12/28/2020 6:36,7.77,7.89,,
12/28/2020 9:36,7.74,7.88,,
12/28/2020 12:36,7.71,7.89,,
12/28/2020 15:36,7.71,7.89,,
12/28/2020 18:36,7.69,7.88,,
12/28/2020 21:36,7.67,7.88,,
12/29/2020 0:36,7.65,7.87,,
12/29/2020 3:36,7.65,7.87,,
12/29/2020 6:36,7.64,7.86,,
12/29/2020 9:36,7.63,7.86,,
12/29/2020 12:36,7.62,7.84,,
12/29/2020 15:36,7.6,7.83,,
12/29/2020 18:36,7.6,7.83,,
12/29/2020 21:36,7.59,7.82,,
12/30/2020 0:36,7.56,7.81,,
12/30/2020 3:36,7.56,7.79,,
12/30/2020 6:36,7.55,7.78,,
12/30/2020 9:36,7.53,7.77,,
12/30/2020 12:36,7.52,7.76,,
12/30/2020 15:36,7.5,7.75,,
12/30/2020 18:36,7.49,7.73,,
12/30/2020 21:36,7.48,7.72,,
12/31/2020 0:36,7.47,7.71,,
12/31/2020 3:36,7.47,7.7,,
12/31/2020 6:36,7.44,7.65,,
12/31/2020 9:36,7.3,7.64,,
12/31/2020 12:36,7.26,7.64,,
12/31/2020 15:36,7.26,7.63,,
12/31/2020 18:36,7.25,7.64,,
12/31/2020 21:36,7.25,7.64,,
1/1/2021 0:36,7.24,7.63,,
1/1/2021 3:36,7.23,7.63,,
1/1/2021 6:36,7.23,7.62,,
1/1/2021 9:36,7.23,7.62,,
1/1/2021 12:36,7.23,7.63,,
1/1/2021 15:36,7.23,7.62,,
1/1/2021 18:36,7.22,7.63,,
1/1/2021 21:36,7.2,7.63,,
1/2/2021 0:36,7.22,7.63,,
1/2/2021 3:36,7.19,7.63,,
1/2/2021 6:36,7.19,7.63,,
1/2/2021 9:36,7.18,7.62,,
1/2/2021 12:36,7.17,7.62,,
1/2/2021 15:36,7.15,7.62,,
1/2/2021 18:36,7.14,7.62,,
1/2/2021 21:36,7.09,7.61,,
1/3/2021 0:36,7.07,7.61,,
1/3/2021 3:36,7.03,7.61,,
1/3/2021 6:36,6.97,7.6,,
1/3/2021 9:36,7.66,7.14,,
1/3/2021 12:36,7.41,7.15,,
1/3/2021 15:36,7.37,7.17,,
1/3/2021 18:36,7.27,7.17,,
1/3/2021 21:36,7.23,7.15,,
1/4/2021 0:36,7.14,7.09,,
1/4/2021 3:36,7.09,7.06,,
1/4/2021 6:36,7.13,6.97,,
1/4/2021 9:36,7.03,7.03,,
1/4/2021 12:36,6.98,6.87,,
1/4/2021 15:36,6.94,6.9,,
1/4/2021 18:36,6.92,6.89,,
1/4/2021 21:36,6.9,6.89,,
1/5/2021 0:36,6.89,6.9,,
1/5/2021 3:36,6.89,6.9,,
1/5/2021 6:36,6.9,6.89,,
1/5/2021 9:36,6.9,6.9,,
1/5/2021 12:36,6.9,6.9,,
1/5/2021 15:36,6.89,6.9,,
1/5/2021 18:36,6.9,6.9,,
1/5/2021 21:36,6.9,6.9,,
1/6/2021 0:36,6.9,6.9,,
1/6/2021 3:36,6.9,6.9,,
1/6/2021 6:36,6.9,6.9,,
1/6/2021 9:36,6.9,6.9,,
1/6/2021 12:36,6.9,6.91,,
1/6/2021 15:36,6.9,6.91,,
1/6/2021 18:36,6.9,6.91,,
1/6/2021 21:36,6.9,6.91,,
1/7/2021 0:36,6.89,6.91,,
1/7/2021 3:36,6.89,6.89,,
1/7/2021 6:36,6.88,6.9,,
1/7/2021 9:36,6.86,6.88,,
1/7/2021 12:36,6.86,6.87,,
1/7/2021 15:36,6.85,6.86,,
1/7/2021 18:36,6.84,6.86,,
1/7/2021 21:36,6.83,6.85,,
1/8/2021 0:36,6.81,6.83,,
1/8/2021 3:36,6.8,6.82,,
1/8/2021 6:36,6.8,6.82,,
1/8/2021 9:36,6.79,6.82,,
1/8/2021 12:36,6.78,6.82,,
1/8/2021 15:36,6.76,6.82,,
1/8/2021 18:36,6.76,6.82,,
1/8/2021 21:36,6.74,6.81,,
1/9/2021 0:36,6.75,6.8,,
1/9/2021 3:36,6.74,6.8,,
1/9/2021 6:36,6.73,6.77,,
1/9/2021 9:36,6.72,6.76,,
1/9/2021 12:36,6.7,6.77,,
1/9/2021 15:36,6.7,6.73,,
1/9/2021 18:36,6.7,6.72,,
1/9/2021 21:36,6.69,6.72,,
1/10/2021 0:36,6.67,6.7,,
1/10/2021 3:36,6.65,6.7,,
1/10/2021 6:36,6.63,6.71,,
1/10/2021 9:36,6.6,6.69,,
1/10/2021 12:36,6.54,6.71,,
1/10/2021 15:36,6.52,6.7,,
1/10/2021 18:36,6.5,6.69,,
1/10/2021 21:36,6.46,6.69,,
1/11/2021 0:36,6.45,6.69,,
1/11/2021 3:36,6.4,6.66,,
1/11/2021 6:36,6.38,6.65,,
1/11/2021 9:36,6.31,6.66,,
1/11/2021 12:36,6.28,6.65,,
1/11/2021 15:36,6.21,6.66,,
1/11/2021 18:36,6.21,6.67,,
1/11/2021 21:36,6.15,6.67,,
1/12/2021 0:36,6.42,6.64,,
1/12/2021 3:36,6.35,6.68,,
1/12/2021 6:36,6.33,6.68,,
1/12/2021 9:36,6.3,6.67,,
1/12/2021 12:36,6.28,6.64,,
1/12/2021 15:36,6.28,6.61,,
1/12/2021 18:36,6.26,6.59,,
1/12/2021 21:36,6.22,6.58,,
1/13/2021 0:36,6.2,6.58,,
1/13/2021 3:36,6.17,6.56,,
1/13/2021 6:36,6.13,6.57,,
1/13/2021 9:36,6.09,6.57,,
1/13/2021 12:36,6.06,6.55,,
1/13/2021 15:36,6.01,6.54,,
1/13/2021 18:36,5.98,6.54,,
1/13/2021 21:36,5.93,6.53,,
1/14/2021 0:36,5.89,6.53,,
1/14/2021 3:36,5.82,6.53,,
1/14/2021 6:36,5.76,6.53,,
1/14/2021 9:36,5.69,6.54,,
1/14/2021 12:36,5.61,6.54,,
1/14/2021 15:36,5.52,6.54,,
1/14/2021 18:36,5.49,6.55,,
1/14/2021 21:36,5.43,6.54,,
1/15/2021 0:36,5.39,6.53,,
1/15/2021 3:36,5.36,6.52,,
1/15/2021 6:36,5.61,5.75,,
1/15/2021 9:36,5.77,5.69,,
1/15/2021 12:36,5.75,5.66,,
1/15/2021 15:36,5.69,5.63,,
1/15/2021 18:36,5.68,5.62,,
1/15/2021 21:36,5.63,5.64,,
1/16/2021 0:36,5.59,5.66,,
1/16/2021 3:36,5.62,5.66,,
1/16/2021 6:36,5.61,5.67,,
1/16/2021 9:36,5.63,5.67,,
1/16/2021 12:36,5.64,5.67,,
1/16/2021 15:36,5.64,5.67,,
1/16/2021 18:36,5.64,5.67,,
1/16/2021 21:36,5.64,5.67,,
1/17/2021 0:36,5.63,5.67,,
1/17/2021 3:36,5.64,5.67,,
1/17/2021 6:36,5.64,5.67,,
1/17/2021 9:36,5.63,5.67,,
1/17/2021 12:36,5.63,5.67,,
1/17/2021 15:36,5.63,5.66,,
1/17/2021 18:36,5.62,5.66,,
1/17/2021 21:36,5.61,5.66,,
1/18/2021 0:36,5.6,5.66,,
1/18/2021 3:36,5.6,5.66,,
1/18/2021 6:36,5.57,5.66,,
1/18/2021 9:36,5.56,5.65,,
1/18/2021 12:36,5.55,5.65,,
1/18/2021 15:36,5.53,5.64,,
1/18/2021 18:36,5.52,5.63,,
1/18/2021 21:36,5.49,5.62,,
1/19/2021 0:36,5.48,5.62,,
1/19/2021 3:36,5.43,5.61,,
1/19/2021 6:36,5.4,5.61,,
1/19/2021 9:36,5.35,5.6,,
1/19/2021 12:36,5.33,5.59,,
1/19/2021 15:36,5.29,5.59,,400
1/19/2021 18:36,5.23,5.58,,
1/19/2021 21:36,5.18,5.58,,
1/20/2021 0:36,5.18,5.57,,
1/20/2021 3:36,5.14,5.57,,
1/20/2021 6:36,5.12,5.56,,
1/20/2021 9:36,5.1,5.56,,
1/20/2021 12:36,5.05,5.55,,
1/20/2021 15:36,5,5.55,,
1/20/2021 18:36,4.9,5.54,,
1/20/2021 21:36,4.88,5.53,,
1/21/2021 0:36,4.85,5.53,,
1/21/2021 3:36,4.78,5.53,,
1/21/2021 6:36,4.55,5.52,,
1/21/2021 9:36,4.48,5.51,,
1/21/2021 12:36,4.42,5.49,,
1/21/2021 15:36,4.48,5.34,,
1/21/2021 18:36,,,,
1/21/2021 21:36,,,,
1/22/2021 0:36,,,,
1/22/2021 3:36,,,,
1/22/2021 6:36,,,,
1/22/2021 9:36,,,,
1/22/2021 12:36,,,,
1/22/2021 15:36,,,,
1/22/2021 18:36,,,,
1/22/2021 21:36,,,,
1/23/2021 0:36,,,,
1/23/2021 3:36,,,,
1/23/2021 6:36,,,,
1/23/2021 9:36,,,,
1/23/2021 12:36,,,,
1/23/2021 15:36,,,,
1/23/2021 18:36,,,,
1/23/2021 21:36,,,,
1/24/2021 0:36,,,,
1/24/2021 3:36,,,,
1/24/2021 6:36,,,,
1/24/2021 9:36,,,,
1/24/2021 12:36,,,,
1/24/2021 15:36,,,,
1/24/2021 18:36,,,,
1/24/2021 21:36,,,,
1/25/2021 0:36,,,,
1/25/2021 3:36,,,,
1/25/2021 6:36,,,,
1/25/2021 9:36,,,,
1/25/2021 12:36,,,,
1/25/2021 15:36,,,,
1/25/2021 18:36,,,,
1/25/2021 21:36,,,,
1/26/2021 0:36,,,,
1/26/2021 3:36,,,,
1/26/2021 6:36,,,,
1/26/2021 9:36,,,,
1/26/2021 12:36,,,,
1/26/2021 15:36,,,,
1/26/2021 18:36,,,,
1/26/2021 21:36,,,,
1/27/2021 0:36,,,,
1/27/2021 3:36,,,,
1/27/2021 6:36,,,,
1/27/2021 9:36,,,,
1/27/2021 12:36,,,,
1/27/2021 15:36,,,,
1/27/2021 18:36,,,,
1/27/2021 21:36,,,,
1/28/2021 0:36,,,,
1/28/2021 3:36,,,,
1/28/2021 6:36,,,,
1/28/2021 9:36,,,,
1/28/2021 12:36,,,,
1/28/2021 15:36,,,,
1/28/2021 18:36,,,,
1/28/2021 21:36,,,,
1/29/2021 0:36,,,,
1/29/2021 3:36,,,,
1/29/2021 6:36,,,,
1/29/2021 9:36,,,,
1/29/2021 12:36,,,,
1/29/2021 15:36,,,,
1/29/2021 18:36,,,,
1/29/2021 21:36,,,,
1/30/2021 0:36,,,,
1/30/2021 3:36,,,,
1/30/2021 6:36,,,,
1/30/2021 9:36,,,,
1/30/2021 12:36,,,,
1/30/2021 15:36,,,,
1/30/2021 18:36,,,,
1/30/2021 21:36,,,,
1/31/2021 0:36,,,,
1/31/2021 3:36,,,,
1/31/2021 6:36,,,,
1/31/2021 9:36,,,,
1/31/2021 12:36,,,,
1/31/2021 15:36,,,,
1/31/2021 18:36,,,,
1/31/2021 21:36,,,,
2/1/2021 0:36,,,,
2/1/2021 3:36,,,,
2/1/2021 6:36,,,,
2/1/2021 9:36,,,,
2/1/2021 12:36,,,,
2/1/2021 15:36,,,,
2/1/2021 18:36,,,,
2/1/2021 21:36,,,,
2/2/2021 0:36,,,,
2/2/2021 3:36,,,,
2/2/2021 6:36,,,,
2/2/2021 9:36,,,,
2/2/2021 12:36,,,,
2/2/2021 15:36,,,,
2/2/2021 18:36,,,,
2/2/2021 21:36,,,,
2/3/2021 0:36,,,,
2/3/2021 3:36,,,,
2/3/2021 6:36,,,,
2/3/2021 9:36,,,,
2/3/2021 12:36,,,,
2/3/2021 15:36,,,,400
2/3/2021 18:36,,,,
2/3/2021 21:36,,,,
2/4/2021 0:36,,,,
2/4/2021 3:36,,,,
2/4/2021 6:36,,,,
2/4/2021 9:36,,,,
2/4/2021 12:36,,,,
2/4/2021 15:36,,,,
2/4/2021 18:36,,,,
2/4/2021 21:36,,,,
2/5/2021 0:36,,,,
2/5/2021 3:36,,,,
2/5/2021 6:36,,,,
2/5/2021 9:36,,,,
2/5/2021 12:36,,,,
2/5/2021 15:36,,,,
2/5/2021 18:36,,,,
2/5/2021 21:36,,,,
2/6/2021 0:36,,,,
2/6/2021 3:36,,,,
2/6/2021 6:36,,,,
2/6/2021 9:36,,,,
2/6/2021 12:36,,,,
2/6/2021 15:36,,,,
2/6/2021 18:36,,,,
2/6/2021 21:36,,,,
2/7/2021 0:36,,,,
2/7/2021 3:36,,,,
2/7/2021 6:36,,,,
2/7/2021 9:36,,,,
2/7/2021 12:36,,,,
2/7/2021 15:36,,,,
2/7/2021 18:36,,,,
2/7/2021 21:36,,,,
2/8/2021 0:36,,,,
2/8/2021 3:36,,,,
2/8/2021 6:36,,,,
2/8/2021 9:36,,,,
2/8/2021 12:36,,,,
2/8/2021 15:36,,,,
2/8/2021 18:36,,,,
2/8/2021 21:36,,,,
2/9/2021 0:36,,,,
2/9/2021 3:36,,,,
2/9/2021 6:36,,,,
2/9/2021 9:36,,,,
2/9/2021 12:36,,,,
2/9/2021 15:36,,,,
2/9/2021 18:36,,,,
2/9/2021 21:36,,,,
2/10/2021 0:36,,,,
2/10/2021 3:36,,,,
2/10/2021 6:36,,,,
2/10/2021 9:36,,,,
2/10/2021 12:36,,,,
2/10/2021 15:36,,,,
2/10/2021 18:36,,,,
2/10/2021 21:36,,,,
2/11/2021 0:36,,,,
2/11/2021 3:36,,,,
2/11/2021 6:36,,,,
2/11/2021 9:36,,,,
2/11/2021 12:36,,,,
2/11/2021 15:36,,,,
2/11/2021 18:36,,,,
2/11/2021 21:36,,,,
2/12/2021 0:36,,,,
2/12/2021 3:36,,,,
2/12/2021 6:36,,,,
2/12/2021 9:36,,,,
2/12/2021 12:36,,,,
2/12/2021 15:36,,,,
2/12/2021 18:36,,,,
2/12/2021 21:36,,,,
2/13/2021 0:36,,,,
2/13/2021 3:36,,,,
2/13/2021 6:36,,,,
2/13/2021 9:36,,,,
2/13/2021 12:36,,,,
2/13/2021 15:36,,,,
2/13/2021 18:36,,,,
2/13/2021 21:36,,,,
2/14/2021 0:36,,,,
2/14/2021 3:36,,,,
2/14/2021 6:36,,,,
2/14/2021 9:36,,,,
2/14/2021 12:36,,,,
2/14/2021 15:36,,,,
2/14/2021 18:36,,,,
2/14/2021 21:36,,,,
2/15/2021 0:36,,,,
2/15/2021 3:36,,,,
2/15/2021 6:36,,,,
2/15/2021 9:36,,,,
2/15/2021 12:36,,,,
2/15/2021 15:36,,,,
2/15/2021 18:36,,,,
2/15/2021 21:36,,,,
2/16/2021 0:36,,,,
2/16/2021 3:36,,,,
2/16/2021 6:36,,,,
2/16/2021 9:36,,,,
2/16/2021 12:36,,,,
2/16/2021 15:36,,,,
2/16/2021 18:36,,,,
2/16/2021 21:36,,,,
2/17/2021 0:36,,,,
2/17/2021 3:36,,,,
2/17/2021 6:36,,,,
2/17/2021 9:36,,,,
2/17/2021 12:36,,,,
2/17/2021 15:36,,,,
2/17/2021 18:36,,,,
2/17/2021 21:36,,,,
2/18/2021 0:36,,,,
2/18/2021 3:36,,,,
2/18/2021 6:36,,,,
2/18/2021 9:36,,,,
2/18/2021 12:36,,,,
2/18/2021 15:36,,,,
2/18/2021 18:36,,,,
2/18/2021 21:36,,,,
2/19/2021 0:36,,,,
2/19/2021 3:36,,,,
2/19/2021 6:36,,,,
2/19/2021 9:36,,,,
2/19/2021 12:36,,,,
2/19/2021 15:36,,,,
2/19/2021 18:36,,,,
2/19/2021 21:36,,,,
2/20/2021 0:36,,,,
2/20/2021 3:36,,,,
2/20/2021 6:36,,,,
2/20/2021 9:36,,,,
2/20/2021 12:36,,,,
2/20/2021 15:36,,,,
2/20/2021 18:36,,,,
2/20/2021 21:36,,,,
2/21/2021 0:36,,,,
2/21/2021 3:36,,,,
2/21/2021 6:36,,,,
2/21/2021 9:36,,,,
2/21/2021 12:36,,,,
2/21/2021 15:36,,,,
2/21/2021 18:36,,,,
2/21/2021 21:36,,,,
2/22/2021 0:36,,,,
2/22/2021 3:36,,,,
2/22/2021 6:36,,,,
2/22/2021 9:36,,,,
2/22/2021 12:36,,,,
2/22/2021 15:36,,,,
2/22/2021 18:36,,,,
2/22/2021 21:36,,,,
2/23/2021 0:36,,,,
2/23/2021 3:36,,,,
2/23/2021 6:36,,,,
2/23/2021 9:36,,,,
2/23/2021 12:36,,,,
2/23/2021 15:36,,,,
2/23/2021 18:36,,,,
2/23/2021 21:36,,,,
2/24/2021 0:36,,,,
2/24/2021 3:36,,,,
2/24/2021 6:36,,,,
2/24/2021 9:36,,,,
2/24/2021 12:36,,,,
2/24/2021 15:36,,,,
2/24/2021 18:36,,,,
2/24/2021 21:36,,,,
2/25/2021 0:36,,,,
2/25/2021 3:36,,,,
2/25/2021 6:36,,,,
2/25/2021 9:36,,,,
2/25/2021 12:36,,,,
2/25/2021 15:36,,,,
2/25/2021 18:36,,,,
2/25/2021 21:36,,,,
2/26/2021 0:36,,,,
2/26/2021 3:36,,,,
2/26/2021 6:36,,,,
2/26/2021 9:36,,,,
2/26/2021 12:36,,,,
2/26/2021 15:36,,,,
2/26/2021 18:36,,,,
2/26/2021 21:36,,,,
2/27/2021 0:36,,,,
2/27/2021 3:36,,,,
2/27/2021 6:36,,,,
2/27/2021 9:36,,,,
2/27/2021 12:36,,,,
2/27/2021 15:36,,,,
2/27/2021 18:36,,,,
2/27/2021 21:36,,,,
2/28/2021 0:36,,,,
2/28/2021 3:36,,,,
2/28/2021 6:36,,,,
2/28/2021 9:36,,,,
2/28/2021 12:36,,,,
2/28/2021 15:36,,,,
2/28/2021 18:36,,,,
2/28/2021 21:36,,,,
3/1/2021 0:36,,,,
3/1/2021 3:36,,,,
3/1/2021 6:36,,,,
3/1/2021 9:36,,,,
3/1/2021 12:36,,,,
3/1/2021 15:36,,,,
3/1/2021 18:36,,,,
3/1/2021 21:36,,,,
3/2/2021 0:36,,,,
3/2/2021 3:36,,,,
3/2/2021 6:36,,,,
3/2/2021 9:36,,,,
3/2/2021 12:36,,,,
3/2/2021 15:36,,,,
3/2/2021 18:36,,,,
3/2/2021 21:36,,,,
3/3/2021 0:36,,,,
3/3/2021 3:36,,,,
3/3/2021 6:36,,,,
3/3/2021 9:36,,,,
3/3/2021 12:36,,,,
3/3/2021 15:36,,,,
3/3/2021 18:36,,,,
3/3/2021 21:36,,,,
3/4/2021 0:36,,,,
3/4/2021 3:36,,,,
3/4/2021 6:36,,,,
3/4/2021 9:36,,,,
3/4/2021 12:36,,,,
3/4/2021 15:36,,,,
3/4/2021 18:36,,,,
3/4/2021 21:36,,,,
3/5/2021 0:36,,,,
3/5/2021 3:36,,,,
3/5/2021 6:36,,,,
3/5/2021 9:36,,,,
3/5/2021 12:36,,,,
3/5/2021 15:36,,,,
3/5/2021 18:36,,,,
3/5/2021 21:36,,,,
3/6/2021 0:36,,,,
3/6/2021 3:36,,,,
3/6/2021 6:36,,,,
3/6/2021 9:36,,,,
3/6/2021 12:36,,,,
3/6/2021 15:36,,,,
3/6/2021 18:36,,,,
3/6/2021 21:36,,,,
3/7/2021 0:36,,,,
3/7/2021 3:36,,,,
3/7/2021 6:36,,,,
3/7/2021 9:36,,,,
3/7/2021 12:36,,,,
3/7/2021 15:36,,,,
3/7/2021 18:36,,,,
3/7/2021 21:36,,,,
3/8/2021 0:36,,,,
3/8/2021 3:36,,,,
3/8/2021 6:36,,,,
3/8/2021 9:36,,,,
3/8/2021 12:36,2.11,2.37,3.82,
3/8/2021 15:36,,,,400
3/8/2021 18:36,,,,
3/8/2021 21:36,,,,
3/9/2021 0:36,,,,
3/9/2021 3:36,,,,
3/9/2021 6:36,,,,
3/9/2021 9:36,,,,
3/9/2021 12:36,3.25,3.19,3.28,
3/9/2021 15:36,3.25,3.19,3.29,
3/9/2021 18:36,3.25,3.19,3.29,
3/9/2021 21:36,3.26,3.19,3.29,
3/10/2021 0:36,3.25,3.19,3.29,
3/10/2021 3:36,3.25,3.19,3.29,
3/10/2021 6:36,3.26,3.19,3.3,
3/10/2021 9:36,3.26,3.19,3.31,
3/10/2021 12:36,3.26,3.19,3.32,
3/10/2021 15:36,3.26,3.19,3.33,
3/10/2021 18:36,3.25,3.19,3.34,
3/10/2021 21:36,3.25,3.19,3.36,
3/11/2021 0:36,3.25,3.19,3.37,
3/11/2021 3:36,3.26,3.19,3.38,
3/11/2021 6:36,3.25,3.19,3.41,
3/11/2021 9:36,3.25,3.19,3.42,
3/11/2021 12:36,3.25,3.19,3.44,
3/11/2021 15:36,3.26,3.19,3.45,
3/11/2021 18:36,3.26,3.19,3.46,
3/11/2021 21:36,3.25,3.19,3.48,
3/12/2021 0:36,3.24,3.19,3.5,
3/12/2021 3:36,3.24,3.19,3.51,
3/12/2021 6:36,3.23,3.18,3.53,
3/12/2021 9:36,3.22,3.17,3.55,
3/12/2021 12:36,3.21,3.18,3.56,
3/12/2021 15:36,3.18,3.17,3.59,
3/12/2021 18:36,3.18,3.17,3.6,
3/12/2021 21:36,3.18,3.18,3.62,
3/13/2021 0:36,3.18,3.17,3.63,
3/13/2021 3:36,3.17,3.17,3.66,
3/13/2021 6:36,3.17,3.18,3.66,
3/13/2021 9:36,3.16,3.17,3.67,
3/13/2021 12:36,3.16,3.18,3.69,
3/13/2021 15:36,3.17,3.18,3.7,
3/13/2021 18:36,3.18,3.18,3.72,
3/13/2021 21:36,3.17,3.18,3.74,
3/14/2021 0:36,3.18,3.18,3.76,
3/14/2021 3:36,3.18,3.18,3.77,
3/14/2021 6:36,3.18,3.18,3.78,
3/14/2021 9:36,3.2,3.18,3.8,
3/14/2021 12:36,3.21,3.18,3.81,
3/14/2021 15:36,3.22,3.18,3.83,
3/14/2021 18:36,3.23,3.18,3.83,
3/14/2021 21:36,3.25,3.18,3.85,
3/15/2021 0:36,3.26,3.18,3.86,
3/15/2021 3:36,3.27,3.17,3.88,
3/15/2021 6:36,3.28,3.17,3.9,
3/15/2021 9:36,3.29,3.17,3.91,
3/15/2021 12:36,3.3,3.17,3.92,
3/15/2021 15:36,3.3,3.17,3.93,
3/15/2021 18:36,3.32,3.17,3.94,
3/15/2021 21:36,3.33,3.17,3.96,
3/16/2021 0:36,3.34,3.17,3.97,
3/16/2021 3:36,3.36,3.17,3.99,
3/16/2021 6:36,3.37,3.17,4,
3/16/2021 9:36,3.37,3.17,4.01,
3/16/2021 12:36,3.42,3.17,4.02,
3/16/2021 15:36,3.48,3.17,4.03,
3/16/2021 18:36,3.49,3.17,4.05,
3/16/2021 21:36,3.47,3.17,4.06,
3/17/2021 0:36,3.44,3.17,4.07,
3/17/2021 3:36,3.37,3.18,4.09,
3/17/2021 6:36,3.35,3.17,4.09,
3/17/2021 9:36,3.32,3.18,4.1,
3/17/2021 12:36,3.32,3.18,4.11,
3/17/2021 15:36,3.3,3.18,4.13,
3/17/2021 18:36,3.3,3.18,4.14,
3/17/2021 21:36,3.3,3.18,4.14,
3/18/2021 0:36,3.29,3.18,4.16,
3/18/2021 3:36,3.3,3.18,4.17,
3/18/2021 6:36,3.29,3.18,4.18,
3/18/2021 9:36,3.29,3.19,4.19,
3/18/2021 12:36,3.29,3.19,4.2,
3/18/2021 15:36,3.29,3.19,4.21,
3/18/2021 18:36,3.31,3.19,4.22,
3/18/2021 21:36,3.29,3.19,4.22,
3/19/2021 0:36,3.29,3.2,4.23,
3/19/2021 3:36,3.29,3.2,4.25,
3/19/2021 6:36,3.29,3.2,4.26,
3/19/2021 9:36,3.3,3.2,4.26,
3/19/2021 12:36,3.33,3.2,4.27,
3/19/2021 15:36,3.35,3.2,4.28,
3/19/2021 18:36,3.35,3.21,4.28,
3/19/2021 21:36,3.36,3.21,4.3,
3/20/2021 0:36,3.36,3.21,4.3,
3/20/2021 3:36,3.36,3.21,4.31,
3/20/2021 6:36,3.36,3.22,4.32,
3/20/2021 9:36,3.37,3.22,4.33,
3/20/2021 12:36,3.36,3.22,4.33,
3/20/2021 15:36,3.35,3.22,4.34,
3/20/2021 18:36,3.35,3.23,4.35,
3/20/2021 21:36,3.34,3.23,4.36,
3/21/2021 0:36,3.32,3.23,4.36,
3/21/2021 3:36,3.32,3.23,4.37,
3/21/2021 6:36,3.31,3.23,4.38,
3/21/2021 9:36,3.3,3.23,4.39,
3/21/2021 12:36,3.3,3.24,4.39,
3/21/2021 15:36,3.31,3.25,4.4,
3/21/2021 18:36,3.3,3.24,4.41,
3/21/2021 21:36,3.3,3.24,4.41,
3/22/2021 0:36,3.3,3.25,4.42,
3/22/2021 3:36,3.3,3.25,4.43,
3/22/2021 6:36,3.29,3.25,4.43,
3/22/2021 9:36,3.29,3.25,4.43,
3/22/2021 12:36,3.29,3.26,4.45,
3/22/2021 15:36,3.29,3.27,4.45,
3/22/2021 18:36,3.29,3.27,4.45,
3/22/2021 21:36,3.29,3.27,4.46,
3/23/2021 0:36,3.29,3.26,4.47,
3/23/2021 3:36,3.3,3.27,4.47,
3/23/2021 6:36,3.3,3.27,4.48,
3/23/2021 9:36,3.3,3.28,4.49,
3/23/2021 12:36,3.3,3.27,4.49,
3/23/2021 15:36,3.31,3.28,4.5,
3/23/2021 18:36,3.31,3.28,4.5,
3/23/2021 21:36,3.31,3.29,4.51,
3/24/2021 0:36,3.32,3.29,4.51,
3/24/2021 3:36,3.32,3.29,4.52,
3/24/2021 6:36,3.32,3.29,4.53,
3/24/2021 9:36,3.32,3.29,4.53,
3/24/2021 12:36,3.33,3.29,4.53,
3/24/2021 15:36,3.33,3.3,4.54,
3/24/2021 18:36,3.34,3.29,4.54,
3/24/2021 21:36,3.34,3.3,4.55,
3/25/2021 0:36,3.34,3.3,4.55,
3/25/2021 3:36,3.34,3.31,4.56,
3/25/2021 6:36,3.35,3.31,4.57,
3/25/2021 9:36,3.35,3.31,4.57,
3/25/2021 12:36,3.35,3.31,4.58,
3/25/2021 15:36,3.36,3.32,4.58,
3/25/2021 18:36,3.37,3.32,4.59,
3/25/2021 21:36,3.37,3.32,4.59,
3/26/2021 0:36,3.38,3.32,4.59,
3/26/2021 3:36,3.39,3.33,4.6,
3/26/2021 6:36,3.4,3.33,4.6,
3/26/2021 9:36,3.42,3.33,4.61,
3/26/2021 12:36,3.42,3.33,4.62,
3/26/2021 15:36,3.44,3.33,4.61,
3/26/2021 18:36,3.46,3.33,4.63,
3/26/2021 21:36,3.49,3.34,4.63,
3/27/2021 0:36,3.52,3.34,4.63,
3/27/2021 3:36,3.54,3.35,4.64,
3/27/2021 6:36,3.56,3.35,4.64,
3/27/2021 9:36,3.59,3.35,4.65,
3/27/2021 12:36,3.6,3.35,4.65,
3/27/2021 15:36,3.64,3.35,4.66,
3/27/2021 18:36,3.68,3.36,4.66,
3/27/2021 21:36,3.7,3.36,4.66,
3/28/2021 0:36,3.72,3.36,4.67,
3/28/2021 4:36,3.78,3.37,4.66,
3/28/2021 7:36,3.81,3.37,4.67,
3/28/2021 10:36,3.84,3.37,4.68,
3/28/2021 13:36,3.86,3.38,4.68,
3/28/2021 16:36,3.89,3.38,4.68,
3/28/2021 19:36,3.91,3.38,4.69,
3/28/2021 22:36,3.92,3.39,4.69,
3/29/2021 1:36,3.89,3.39,4.69,
3/29/2021 4:36,3.91,3.39,4.7,
3/29/2021 7:36,3.91,3.39,4.7,
3/29/2021 10:36,3.91,3.4,4.7,
3/29/2021 13:36,3.93,3.4,4.71,
3/29/2021 16:36,3.93,3.4,4.71,
3/29/2021 19:36,3.95,3.4,4.71,
3/29/2021 22:36,3.97,3.41,4.72,
3/30/2021 1:36,4,3.41,4.72,
3/30/2021 4:36,4.01,3.41,4.73,
3/30/2021 7:36,4.02,3.42,4.73,
3/30/2021 10:36,4.04,3.42,4.73,
3/30/2021 13:36,4.07,3.42,4.73,
3/30/2021 16:36,4.08,3.42,4.74,
3/30/2021 19:36,4.1,3.43,4.75,
3/30/2021 22:36,4.11,3.43,4.74,
3/31/2021 1:36,4.12,3.44,4.75,
3/31/2021 4:36,4.13,3.44,4.75,
3/31/2021 7:36,4.14,3.44,4.76,
3/31/2021 10:36,4.14,3.45,4.76,
3/31/2021 13:36,4.15,3.45,4.77,
3/31/2021 16:36,4.16,3.45,4.77,
3/31/2021 19:36,4.17,3.46,4.77,
3/31/2021 22:36,4.17,3.46,4.78,
4/1/2021 1:36,4.17,3.46,4.78,
4/1/2021 4:36,4.17,3.46,4.78,
4/1/2021 7:36,4.17,3.47,4.8,
4/1/2021 10:36,4.17,3.47,4.8,
4/1/2021 13:36,4.17,3.48,4.8,
4/1/2021 16:36,4.17,3.48,4.8,
4/1/2021 19:36,4.19,3.48,4.81,
4/1/2021 22:36,4.22,3.49,4.81,
4/2/2021 1:36,4.24,3.48,4.82,
4/2/2021 4:36,4.24,3.49,4.82,
4/2/2021 7:36,4.23,3.5,4.83,
4/2/2021 10:36,4.24,3.5,4.83,
4/2/2021 13:36,4.25,3.5,4.83,
4/2/2021 16:36,4.27,3.51,4.84,
4/2/2021 19:36,4.29,3.51,4.84,
4/2/2021 22:36,4.29,3.52,4.84,
4/3/2021 1:36,4.3,3.52,4.84,
4/3/2021 4:36,4.32,3.52,4.85,
4/3/2021 7:36,4.34,3.53,4.85,
4/3/2021 10:36,4.36,3.53,4.85,
4/3/2021 13:36,4.38,3.53,4.86,
4/3/2021 16:36,4.39,3.53,4.86,
4/3/2021 19:36,4.39,3.54,4.86,
4/3/2021 22:36,4.41,3.54,4.87,
4/4/2021 1:36,4.41,3.54,4.87,
4/4/2021 4:36,4.45,3.55,4.88,
4/4/2021 7:36,4.48,3.55,4.88,
4/4/2021 10:36,4.51,3.55,4.88,
4/4/2021 13:36,4.52,3.56,4.89,
4/4/2021 16:36,4.54,3.56,4.89,
4/4/2021 19:36,4.56,3.57,4.89,
4/4/2021 22:36,4.61,3.57,4.89,
4/5/2021 1:36,5.47,3.57,4.89,
4/5/2021 4:36,5.12,3.58,4.9,
4/5/2021 7:36,5.01,3.58,4.9,
4/5/2021 10:36,5.07,3.59,4.91,
4/5/2021 13:36,5.04,3.59,4.91,
4/5/2021 16:36,5.01,3.59,4.91,
4/5/2021 19:36,5.05,3.59,4.92,
4/5/2021 22:36,5.05,3.6,4.92,
4/6/2021 1:36,5.03,3.6,4.92,
4/6/2021 4:36,5.03,3.6,4.92,
4/6/2021 7:36,5.03,3.61,4.92,
4/6/2021 10:36,5.19,3.61,4.92,
4/6/2021 13:36,5.16,3.62,4.93,
4/6/2021 16:36,5.15,3.62,4.93,
4/6/2021 19:36,5.12,3.63,4.94,
4/6/2021 22:36,5.09,3.62,4.94,
4/7/2021 1:36,5.08,3.63,4.94,
4/7/2021 4:36,5.07,3.63,4.95,
4/7/2021 7:36,2.49,2.43,4.94,
4/7/2021 10:36,5.37,5.36,4.42,
4/7/2021 13:36,6.81,6.93,6.33,
4/7/2021 16:36,,,,
4/7/2021 19:36,,,,
4/7/2021 22:36,,,,
4/8/2021 1:36,,,,
4/8/2021 4:36,,,,
4/8/2021 7:36,,,,
4/8/2021 10:36,5.2,4.93,3.96,
4/8/2021 13:36,5.94,5.62,6.05,
4/8/2021 16:36,6.1,6.15,6.53,
4/8/2021 19:36,4.75,4.48,5.9,
4/8/2021 22:36,2.78,2.62,3.26,
4/9/2021 1:36,3.81,3.76,3.37,
4/9/2021 4:36,4.34,4.02,3.95,
4/9/2021 7:36,4.95,5.03,4.19,
4/9/2021 10:36,5.21,5.26,5.35,
4/9/2021 13:36,5.21,5.27,5.36,
4/9/2021 16:36,5.21,5.27,5.37,
4/9/2021 19:36,5.23,5.27,5.37,
4/9/2021 22:36,5.24,5.28,5.37,
4/10/2021 1:36,5.25,5.28,5.37,
4/10/2021 4:36,5.26,5.28,5.37,
4/10/2021 7:36,5.26,5.29,5.37,
4/10/2021 10:36,5.27,5.29,5.37,
4/10/2021 13:36,5.26,5.29,5.37,
4/10/2021 16:36,5.26,5.29,5.38,
4/10/2021 19:36,5.26,5.3,5.38,
4/10/2021 22:36,5.26,5.3,5.38,
4/11/2021 1:36,5.26,5.3,5.39,
4/11/2021 4:36,5.26,5.31,5.39,
4/11/2021 7:36,5.27,5.31,5.39,
4/11/2021 10:36,5.27,5.32,5.39,
4/11/2021 13:36,5.26,5.32,5.4,
4/11/2021 16:36,5.27,5.33,5.41,
4/11/2021 19:36,5.27,5.33,5.41,
4/11/2021 22:36,5.26,5.34,5.41,
4/12/2021 1:36,5.26,5.34,5.42,
4/12/2021 4:36,5.26,5.34,5.43,
4/12/2021 7:36,5.25,5.35,5.43,
4/12/2021 10:36,5.23,5.36,5.43,
4/12/2021 13:36,5.22,5.37,5.44,
4/12/2021 16:36,5.22,5.37,5.44,
4/12/2021 19:36,5.21,5.37,5.44,
4/12/2021 22:36,5.21,5.38,5.45,
4/13/2021 1:36,5.2,5.39,5.46,
4/13/2021 4:36,5.16,5.39,5.46,
4/13/2021 7:36,5.17,5.39,5.46,
4/13/2021 10:36,5.15,5.4,5.47,
4/13/2021 13:36,5.16,5.41,5.47,
4/13/2021 16:36,5.16,5.41,5.48,
4/13/2021 19:36,5.16,5.41,5.48,
4/13/2021 22:36,5.16,5.42,5.49,
4/14/2021 1:36,5.15,5.42,5.49,
4/14/2021 4:36,5.15,5.43,5.49,
4/14/2021 7:36,5.15,5.43,5.5,
4/14/2021 10:36,5.15,5.44,5.5,
4/14/2021 13:36,5.14,5.44,5.51,
4/14/2021 16:36,5.15,5.45,5.51,130
4/14/2021 19:36,5.14,5.45,5.52,
4/14/2021 22:36,5.14,5.45,5.51,
4/15/2021 1:36,5.14,5.46,5.52,
4/15/2021 4:36,5.15,5.46,5.52,
4/15/2021 7:36,5.15,5.46,5.52,
4/15/2021 10:36,5.15,5.47,5.53,
4/15/2021 13:36,5.15,5.48,5.53,
4/15/2021 16:36,5.15,5.47,5.54,
4/15/2021 19:36,5.16,5.48,5.54,
4/15/2021 22:36,5.16,5.48,5.54,
4/16/2021 1:36,5.16,5.49,5.55,
4/16/2021 4:36,5.17,5.49,5.55,
4/16/2021 7:36,5.16,5.5,5.55,
4/16/2021 10:36,5.17,5.5,5.56,
4/16/2021 13:36,5.17,5.5,5.56,
4/16/2021 16:36,5.17,5.5,5.56,
4/16/2021 19:36,5.17,5.51,5.56,
4/16/2021 22:36,5.17,5.51,5.57,
4/17/2021 1:36,5.17,5.52,5.57,
4/17/2021 4:36,5.17,5.51,5.58,
4/17/2021 7:36,5.17,5.52,5.58,
4/17/2021 10:36,5.17,5.52,5.58,
4/17/2021 13:36,5.17,5.53,5.59,
4/17/2021 16:36,5.18,5.53,5.58,
4/17/2021 19:36,5.17,5.53,5.59,
4/17/2021 22:36,5.18,5.54,5.59,
4/18/2021 1:36,5.19,5.54,5.6,
4/18/2021 4:36,5.2,5.54,5.6,
4/18/2021 7:36,5.2,5.55,5.6,
4/18/2021 10:36,5.21,5.55,5.6,
4/18/2021 13:36,5.21,5.55,5.61,
4/18/2021 16:36,5.22,5.56,5.61,
4/18/2021 19:36,5.23,5.56,5.61,
4/18/2021 22:36,5.24,5.56,5.61,
4/19/2021 1:36,5.25,5.56,5.62,
4/19/2021 4:36,5.27,5.56,5.62,
4/19/2021 7:36,5.28,5.57,5.62,
4/19/2021 10:36,5.29,5.57,5.62,
4/19/2021 13:36,5.31,5.57,5.63,
4/19/2021 16:36,5.33,5.58,5.63,
4/19/2021 19:36,,,5.64,
4/19/2021 22:36,,,,
4/20/2021 1:36,,,,
4/20/2021 4:36,,,,
4/20/2021 7:36,,,,
4/20/2021 10:36,,,,
4/20/2021 13:36,,,,
4/20/2021 16:36,,,,
4/20/2021 19:36,,,,
4/20/2021 22:36,,,,
4/21/2021 1:36,,,,
4/21/2021 4:36,,,,
4/21/2021 7:36,,,,
4/21/2021 10:36,,,,
4/21/2021 13:36,,,,
4/21/2021 16:36,,,,
4/21/2021 19:36,,,,
4/21/2021 22:36,,,,
4/22/2021 1:36,,,,
4/22/2021 4:36,,,,
4/22/2021 7:36,,,,
4/22/2021 10:36,,,,
4/22/2021 13:36,,,,
4/22/2021 16:36,,,,
4/22/2021 19:36,,,,
4/22/2021 22:36,,,,
4/23/2021 1:36,,,,
4/23/2021 4:36,,,,
4/23/2021 7:36,,,,
4/23/2021 10:36,,,,
4/23/2021 13:36,,,,
4/23/2021 16:36,,,,
4/23/2021 19:36,,,,
4/23/2021 22:36,,,,
4/24/2021 1:36,,,,
4/24/2021 4:36,,,,
4/24/2021 7:36,,,,
4/24/2021 10:36,,,,
4/24/2021 13:36,,,,
4/24/2021 16:36,,,,
4/24/2021 19:36,,,,
4/24/2021 22:36,,,,
4/25/2021 1:36,,,,
4/25/2021 4:36,,,,
4/25/2021 7:36,,,,
4/25/2021 10:36,,,,
4/25/2021 13:36,,,,
4/25/2021 16:36,,,,
4/25/2021 19:36,,,,
4/25/2021 22:36,,,,
4/26/2021 1:36,,,,
4/26/2021 4:36,,,,
4/26/2021 7:36,,,,
4/26/2021 10:36,,,,
4/26/2021 13:36,,,,
4/26/2021 16:36,,,,
4/26/2021 19:36,,,,
4/26/2021 22:36,,,,
4/27/2021 1:36,,,,
4/27/2021 4:36,,,,
4/27/2021 7:36,,,,
4/27/2021 10:36,,,,
4/27/2021 13:36,,,,
4/27/2021 16:36,,,,
4/27/2021 19:36,,,,
4/27/2021 22:36,,,,
4/28/2021 1:36,,,,
4/28/2021 4:36,,,,
4/28/2021 7:36,,,,
4/28/2021 10:36,,,,
4/28/2021 13:36,,,,
4/28/2021 16:36,,,,
4/28/2021 19:36,,,,
4/28/2021 22:36,,,,
4/29/2021 1:36,,,,
4/29/2021 4:36,,,,
4/29/2021 7:36,,,,
4/29/2021 10:36,,,,
4/29/2021 13:36,,,,
4/29/2021 16:36,,,,
4/29/2021 19:36,,,,
4/29/2021 22:36,,,,
4/30/2021 1:36,,,,
4/30/2021 4:36,,,,
4/30/2021 7:36,,,,
4/30/2021 10:36,,,,
4/30/2021 13:36,,,,
4/30/2021 16:36,,,,
4/30/2021 19:36,,,,
4/30/2021 22:36,,,,
5/1/2021 1:36,,,,
5/1/2021 4:36,,,,
5/1/2021 7:36,,,,
5/1/2021 10:36,,,,
5/1/2021 13:36,,,,
5/1/2021 16:36,,,,
5/1/2021 19:36,,,,
5/1/2021 22:36,,,,
5/2/2021 1:36,,,,
5/2/2021 4:36,,,,
5/2/2021 7:36,,,,
5/2/2021 10:36,,,,
5/2/2021 13:36,,,,
5/2/2021 16:36,,,,
5/2/2021 19:36,,,,
5/2/2021 22:36,,,,
5/3/2021 1:36,,,,
5/3/2021 4:36,,,,
5/3/2021 7:36,,,,
5/3/2021 10:36,,,,
5/3/2021 13:36,,,,
5/3/2021 16:36,,,,
5/3/2021 19:36,,,,
5/3/2021 22:36,,,,
5/4/2021 1:36,,,,
5/4/2021 4:36,,,,
5/4/2021 7:36,,,,
5/4/2021 10:36,,,,
5/4/2021 13:36,,,,
5/4/2021 16:36,,,,
5/4/2021 19:36,,,,
5/4/2021 22:36,,,,
5/5/2021 1:36,,,,
5/5/2021 4:36,,,,
5/5/2021 7:36,,,,
5/5/2021 10:36,,,,
5/5/2021 13:45,,7.14,7.05,
5/5/2021 16:45,,7.65,7.19,
5/5/2021 19:45,,7.94,7.47,
5/5/2021 22:45,,7.93,7.65,
5/6/2021 1:45,,7.78,7.69,
5/6/2021 4:45,,7.62,7.65,
5/6/2021 7:45,,7.47,7.58,
5/6/2021 10:45,,7.39,7.49,
5/6/2021 13:45,,7.51,7.44,
5/6/2021 16:45,,7.71,7.49,
5/6/2021 19:45,,7.88,7.6,
5/6/2021 22:45,,7.87,7.72,
5/7/2021 1:45,,7.66,7.73,
5/7/2021 4:45,,7.43,7.64,
5/7/2021 7:45,,7.19,7.49,
5/7/2021 10:45,,7.06,7.34,
5/7/2021 13:45,,7.32,7.27,
5/7/2021 16:45,,7.78,7.39,
5/7/2021 19:45,,8.17,7.65,
5/7/2021 22:45,,8.14,7.88,
5/8/2021 1:45,,7.75,7.9,
5/8/2021 4:45,,7.21,7.7,
5/8/2021 7:45,,6.9,7.41,
5/8/2021 10:45,,6.92,7.2,
5/8/2021 13:45,,7.15,7.16,
5/8/2021 16:45,,7.63,7.27,
5/8/2021 19:45,,8.01,7.52,
5/8/2021 22:45,,8.09,7.76,
5/9/2021 1:45,,7.88,7.84,
5/9/2021 4:45,,7.57,7.76,
5/9/2021 7:45,,7.3,7.6,
5/9/2021 10:45,,7.19,7.43,
5/9/2021 13:45,,7.49,7.35,
5/9/2021 16:45,,8.48,7.55,
5/9/2021 19:45,,9.36,8.11,
5/9/2021 22:45,,9.78,8.68,
5/10/2021 1:45,,9.91,9.05,
5/10/2021 4:45,,9.93,9.25,
5/10/2021 7:45,,9.87,9.36,
5/10/2021 10:45,,10.01,9.39,
5/10/2021 13:45,,10.64,9.56,
5/10/2021 16:45,,11.42,9.95,
5/10/2021 19:45,,12.15,10.49,
5/10/2021 22:45,,12.3,10.99,
5/11/2021 1:45,,12.11,11.21,
5/11/2021 4:45,,11.76,11.22,
5/11/2021 7:45,,11.46,11.11,
5/11/2021 10:45,,11.3,10.96,
5/11/2021 13:45,,11.59,10.9,
5/11/2021 16:45,,12.04,11.04,
5/11/2021 19:45,,12.42,11.32,
5/11/2021 22:45,,12.44,11.58,
5/12/2021 1:45,,12.19,11.66,
5/12/2021 4:45,,11.88,11.58,
5/12/2021 7:45,,11.62,11.42,
5/12/2021 10:45,,11.78,11.29,
5/12/2021 13:45,,12.4,11.38,
5/12/2021 16:45,,13,11.72,
5/12/2021 19:45,,13.34,12.09,
5/12/2021 22:45,,13.21,12.34,
5/13/2021 1:45,,12.88,12.36,
5/13/2021 4:45,,12.56,12.24,
5/13/2021 7:45,,12.31,12.07,
5/13/2021 10:45,,12.38,11.93,
5/13/2021 13:45,,12.81,11.96,
5/13/2021 16:45,,13.1,12.15,
5/13/2021 19:45,,13.48,12.38,
5/13/2021 22:45,,13.17,12.61,
5/14/2021 1:45,,12.6,12.51,
5/14/2021 4:45,,11.95,12.21,
5/14/2021 7:45,,11.37,11.83,
5/14/2021 10:45,,11.34,11.45,
5/14/2021 13:45,,12.03,11.37,
5/14/2021 16:45,,12.92,11.69,
5/14/2021 19:45,,13.4,12.19,
5/14/2021 22:45,,13.34,12.54,
5/15/2021 1:45,,13.06,12.6,
5/15/2021 4:45,,12.64,12.51,
5/15/2021 7:45,,12.24,12.31,
5/15/2021 10:45,,11.99,12.07,
5/15/2021 13:45,,11.82,11.88,
5/15/2021 16:45,,11.69,11.72,
5/15/2021 19:45,,11.81,11.62,
5/15/2021 22:45,,11.7,11.62,
5/16/2021 1:45,,11.4,11.53,
5/16/2021 4:45,,11.06,11.35,
5/16/2021 7:45,,10.73,11.12,
5/16/2021 10:45,,10.72,10.9,
5/16/2021 13:45,,11.1,10.84,
5/16/2021 16:45,,11.62,11,
5/16/2021 19:45,,11.8,11.28,
5/16/2021 22:45,,11.73,11.42,
5/17/2021 1:45,,11.44,11.41,
5/17/2021 4:45,,11.1,11.27,
5/17/2021 7:45,,10.8,11.08,
5/17/2021 10:45,,10.84,10.89,
5/17/2021 13:45,,11.4,10.88,
5/17/2021 16:45,,12.05,11.16,52
5/17/2021 19:45,,12.57,11.54,
5/17/2021 22:45,,12.58,11.88,
5/18/2021 1:45,,12.04,11.95,
5/18/2021 4:45,,11.35,11.73,
5/18/2021 7:45,,10.72,11.34,
5/18/2021 10:45,,10.8,10.97,
5/18/2021 13:45,,11.49,10.94,
5/18/2021 16:45,,12.2,11.25,
5/18/2021 19:45,,12.58,11.65,
5/18/2021 22:45,,12.5,11.92,
5/19/2021 1:45,,12.12,11.96,
5/19/2021 4:45,,11.44,11.8,
5/19/2021 7:45,,10.72,11.43,
5/19/2021 10:45,,10.59,11.01,
5/19/2021 13:45,,11.12,10.85,
5/19/2021 16:45,,11.83,11.05,
5/19/2021 19:45,,12.19,11.4,
5/19/2021 22:45,,12.09,11.64,
5/20/2021 1:45,,11.75,11.65,
5/20/2021 4:45,,11.44,11.52,
5/20/2021 7:45,,11.13,11.34,
5/20/2021 10:45,,10.97,11.15,
5/20/2021 13:45,,11.03,11.02,
5/20/2021 16:45,,11.17,11,
5/20/2021 19:45,,11.32,11.03,
5/20/2021 22:45,,11.26,11.09,
5/21/2021 1:45,,10.91,11.06,
5/21/2021 4:45,,10.4,10.88,
5/21/2021 7:45,,9.93,10.6,
5/21/2021 10:45,,9.95,10.31,
5/21/2021 13:45,,10.21,10.23,
5/21/2021 16:45,,10.55,10.31,
5/21/2021 19:45,,11.02,10.47,
5/21/2021 22:45,,11.14,10.72,
5/22/2021 1:45,,10.93,10.82,
5/22/2021 4:45,,10.61,10.76,
5/22/2021 7:45,,10.34,10.62,
5/22/2021 10:45,,10.37,10.47,
5/22/2021 13:45,,10.81,10.45,
5/22/2021 16:45,,11.28,10.64,
5/22/2021 19:45,,11.42,10.89,
5/22/2021 22:45,,11.24,11.01,
5/23/2021 1:45,,11.03,10.99,
5/23/2021 4:45,,10.83,10.9,
5/23/2021 7:45,,10.62,10.79,
5/23/2021 10:45,,10.57,10.68,
5/23/2021 13:45,,10.5,10.61,
5/23/2021 16:45,,10.43,10.55,
5/23/2021 19:45,,10.32,10.5,
5/23/2021 22:45,,10.15,10.42,
5/24/2021 1:45,,9.96,10.31,
5/24/2021 4:45,,9.64,10.17,
5/24/2021 7:45,,9.26,9.98,
5/24/2021 10:45,,9.39,9.74,
5/24/2021 13:45,,10.23,9.73,
5/24/2021 16:45,,11.06,10.06,
5/24/2021 19:45,,11.43,10.5,
5/24/2021 22:45,,11.4,10.79,
5/25/2021 1:45,,11.06,10.87,
5/25/2021 4:45,,10.72,10.79,
5/25/2021 7:45,,10.4,10.64,
5/25/2021 10:45,,10.53,10.48,
5/25/2021 13:45,,10.96,10.49,
5/25/2021 16:45,,11.24,10.66,
5/25/2021 19:45,,11.52,10.96,
5/25/2021 22:45,,11.28,11.12,
5/26/2021 1:45,,10.84,11.03,
5/26/2021 4:45,,10.53,10.89,
5/26/2021 7:45,,10.32,10.7,
5/26/2021 10:45,,10.34,10.55,
5/26/2021 13:45,,10.58,10.46,
5/26/2021 16:45,,10.88,10.45,
5/26/2021 19:45,,11.13,10.52,
5/26/2021 22:45,,11.04,10.6,
5/27/2021 1:45,,10.81,10.65,
5/27/2021 4:45,,10.61,10.62,
5/27/2021 7:45,,10.44,10.56,
5/27/2021 10:45,,10.46,10.48,
5/27/2021 13:45,,10.85,10.44,
5/27/2021 16:45,,11.23,10.5,
5/27/2021 19:45,,11.66,10.61,
5/27/2021 22:45,,11.76,10.77,
5/28/2021 1:45,,11.45,10.89,
5/28/2021 4:45,,10.89,10.91,
5/28/2021 7:45,,10.4,10.81,
5/28/2021 10:45,,10.35,10.65,
5/28/2021 13:45,,10.87,10.53,
5/28/2021 16:45,,11.35,10.56,
5/28/2021 19:45,,11.82,10.69,
5/28/2021 22:45,,11.93,10.86,
5/29/2021 1:45,,11.62,10.99,
5/29/2021 4:45,,11.18,11.02,
5/29/2021 7:45,,10.75,10.95,
5/29/2021 10:45,,10.84,10.83,
5/29/2021 13:45,,11.48,10.76,
5/29/2021 16:45,,12.12,10.83,
5/29/2021 19:45,,12.56,11.01,
5/29/2021 22:45,,12.59,11.21,
5/30/2021 1:45,,12.17,11.35,
5/30/2021 4:45,,11.58,11.37,
5/30/2021 7:45,,10.99,11.29,
5/30/2021 10:45,,10.97,11.13,
5/30/2021 13:45,,11.74,11.01,
5/30/2021 16:45,,12.75,11.05,
5/30/2021 19:45,,13.39,11.27,
5/30/2021 22:45,,13.52,11.54,
5/31/2021 1:45,,13.18,11.74,
5/31/2021 4:45,,12.56,11.83,
5/31/2021 7:45,,11.92,11.81,
5/31/2021 10:45,,11.88,11.69,
5/31/2021 13:45,,12.6,11.57,
5/31/2021 16:45,,13.43,11.6,
5/31/2021 19:45,,13.94,11.76,
5/31/2021 22:45,,13.99,11.95,
6/1/2021 1:45,,13.67,12.1,
6/1/2021 4:45,,13.31,12.18,
6/1/2021 7:45,,12.95,12.18,
6/1/2021 10:45,,12.97,12.14,
6/1/2021 13:45,,13.57,12.11,
6/1/2021 16:45,,14.34,12.14,
6/1/2021 19:45,,14.64,12.27,
6/1/2021 22:45,,14.38,12.41,
6/2/2021 1:45,,13.75,12.51,
6/2/2021 4:45,,13.2,12.53,
6/2/2021 7:45,,12.73,12.46,
6/2/2021 10:45,,12.65,12.36,
6/2/2021 13:45,,12.98,12.26,
6/2/2021 16:45,,13.47,12.2,
6/2/2021 19:45,,13.64,12.19,
6/2/2021 22:45,,13.52,12.21,
6/3/2021 1:45,,13.17,12.25,
6/3/2021 4:45,,12.73,12.25,
6/3/2021 7:45,,12.38,12.21,
6/3/2021 10:45,,12.44,12.14,
6/3/2021 13:45,,13.02,12.05,
6/3/2021 16:45,,13.67,12.02,
6/3/2021 19:45,,14.07,12.06,
6/3/2021 22:45,,14.07,12.14,
6/4/2021 1:45,,13.69,12.24,
6/4/2021 4:45,,13.11,12.3,
6/4/2021 7:45,,12.62,12.3,
6/4/2021 10:45,,12.65,12.26,
6/4/2021 13:45,,13.39,12.18,
6/4/2021 16:45,,14.41,12.16,
6/4/2021 19:45,,15.17,12.21,
6/4/2021 22:45,,15.45,12.34,
6/5/2021 1:45,,15.08,12.49,
6/5/2021 4:45,,14.4,12.62,
6/5/2021 7:45,,13.76,12.68,
6/5/2021 10:45,,13.69,12.69,
6/5/2021 13:45,,14.38,12.66,
6/5/2021 16:45,,15.39,12.64,
6/5/2021 19:45,,15.99,12.68,
6/5/2021 22:45,,16.07,12.78,
6/6/2021 1:45,,15.64,12.89,
6/6/2021 4:45,,15.01,12.99,
6/6/2021 7:45,,14.45,13.05,
6/6/2021 10:45,,14.35,13.06,
6/6/2021 13:45,,15.01,13.03,
6/6/2021 16:45,,15.93,13,49
6/6/2021 19:45,,16.48,13,
6/6/2021 22:45,,16.56,13.06,
6/7/2021 1:45,,16.19,13.15,
6/7/2021 4:45,,15.56,13.24,
6/7/2021 7:45,,14.96,13.29,
6/7/2021 10:45,,14.91,13.33,
6/7/2021 13:45,,15.59,13.31,
6/7/2021 16:45,,16.36,13.28,
6/7/2021 19:45,,16.55,13.29,
6/7/2021 22:45,,16.42,13.34,
6/8/2021 1:45,,15.9,13.39,
6/8/2021 4:45,,15.16,13.43,
6/8/2021 7:45,,14.48,13.45,
6/8/2021 10:45,,14.38,13.44,
6/8/2021 13:45,,14.91,13.4,
6/8/2021 16:45,,15.48,13.33,
6/8/2021 19:45,,15.76,13.28,
6/8/2021 22:45,,15.78,13.26,
6/9/2021 1:45,,15.42,13.26,
6/9/2021 4:45,,14.8,13.29,
6/9/2021 7:45,,14.22,13.29,
6/9/2021 10:45,,14.21,13.28,
6/9/2021 13:45,,14.76,13.24,
6/9/2021 16:45,,15.46,13.19,
6/9/2021 19:45,,15.92,13.14,
6/9/2021 22:45,,16.03,13.13,
6/10/2021 1:45,,15.73,13.14,
6/10/2021 4:45,,15.13,13.17,
6/10/2021 7:45,,14.57,13.2,
6/10/2021 10:45,,14.47,13.22,
6/10/2021 13:45,,14.98,13.2,
6/10/2021 16:45,,15.72,13.17,
6/10/2021 19:45,,16.26,13.15,
6/10/2021 22:45,,16.39,13.14,
6/11/2021 1:45,,16.15,13.16,
6/11/2021 4:45,,15.7,13.19,
6/11/2021 7:45,,15.36,13.23,
6/11/2021 10:45,,15.38,13.26,
6/11/2021 13:45,,15.9,13.28,
6/11/2021 16:45,,16.58,13.28,
6/11/2021 19:45,,17,13.28,
6/11/2021 22:45,,17.07,13.3,
6/12/2021 1:45,,16.89,13.33,
6/12/2021 4:45,,16.67,13.36,
6/12/2021 7:45,,16.35,13.38,
6/12/2021 10:45,,16.1,13.41,
6/12/2021 13:45,,16.06,13.44,
6/12/2021 16:45,,16.13,13.46,
6/12/2021 19:45,,16.1,13.47,
6/12/2021 22:45,,15.89,13.47,
6/13/2021 1:45,,15.54,13.48,
6/13/2021 4:45,,15.15,13.49,
6/13/2021 7:45,,14.78,13.5,
6/13/2021 10:45,,14.56,13.5,
6/13/2021 13:45,,14.69,13.47,
6/13/2021 16:45,,14.99,13.44,
6/13/2021 19:45,,15.22,13.4,
6/13/2021 22:45,,15.29,13.37,
6/14/2021 1:45,,15.13,13.35,
6/14/2021 4:45,,14.83,13.34,
6/14/2021 7:45,,14.64,13.33,
6/14/2021 10:45,,14.58,13.32,
6/14/2021 13:45,,14.71,13.3,
6/14/2021 16:45,,15,13.28,
6/14/2021 19:45,,15.29,13.25,
6/14/2021 22:45,,15.33,13.23,
6/15/2021 1:45,,15.25,13.22,
6/15/2021 4:45,,15.03,13.22,
6/15/2021 7:45,,14.75,13.22,
6/15/2021 10:45,,14.55,13.23,
6/15/2021 13:45,,14.57,13.23,
6/15/2021 16:45,,14.78,13.22,
6/15/2021 19:45,,14.99,13.21,
6/15/2021 22:45,,15.1,13.19,
6/16/2021 1:45,,15,13.19,
6/16/2021 4:45,,14.71,13.19,
6/16/2021 7:45,,14.32,13.19,
6/16/2021 10:45,,14.01,13.19,
6/16/2021 13:45,,14.02,13.19,
6/16/2021 16:45,,14.31,13.17,
6/16/2021 19:45,,14.7,13.15,
6/16/2021 22:45,,15,13.12,
6/17/2021 1:45,,15.11,13.1,
6/17/2021 4:45,,14.99,13.1,
6/17/2021 7:45,,14.74,13.1,
6/17/2021 10:45,,14.52,13.12,
6/17/2021 13:45,,14.5,13.13,
6/17/2021 16:45,,14.71,13.13,
6/17/2021 19:45,,15.01,13.13,
6/17/2021 22:45,,15.25,13.12,
6/18/2021 1:45,,15.38,13.13,
6/18/2021 4:45,,15.37,13.15,
6/18/2021 7:45,,15.3,13.18,
6/18/2021 10:45,,15.25,13.2,
6/18/2021 13:45,,15.32,13.24,
6/18/2021 16:45,,15.54,13.26,
6/18/2021 19:45,,15.83,13.29,
6/18/2021 22:45,,16.1,13.32,
6/19/2021 1:45,,16.28,13.36,
6/19/2021 4:45,,16.33,13.4,
6/19/2021 7:45,,16.28,13.46,
6/19/2021 10:45,,16.18,13.51,
6/19/2021 13:45,,16.14,13.57,
6/19/2021 16:45,,16.2,13.62,
6/19/2021 19:45,,16.36,13.67,
6/19/2021 22:45,,16.51,13.72,
6/20/2021 1:45,,16.61,13.76,
6/20/2021 4:45,,16.64,13.82,
6/20/2021 7:45,,16.58,13.88,
6/20/2021 10:45,,16.46,13.93,
6/20/2021 13:45,,16.35,13.99,
6/20/2021 16:45,,16.29,14,
6/20/2021 19:45,,16.33,14.04,
6/20/2021 22:45,,16.38,14.08,
6/21/2021 1:45,,16.42,14.11,
6/21/2021 4:45,,16.44,14.14,
6/21/2021 7:45,,16.41,14.17,
6/21/2021 10:45,,16.34,14.2,
6/21/2021 13:45,,16.27,14.24,
6/21/2021 16:45,,16.21,14.26,
6/21/2021 19:45,,16.17,14.29,
6/21/2021 22:45,,16.14,14.3,
6/22/2021 1:45,,16.13,14.3,
6/22/2021 4:45,,16.11,14.31,
6/22/2021 7:45,,16.05,14.32,
6/22/2021 10:45,,15.97,14.32,
6/22/2021 13:45,,15.89,14.33,
6/22/2021 16:45,,15.83,14.33,
6/22/2021 19:45,,15.83,14.33,
6/22/2021 22:45,,15.85,14.33,
6/23/2021 1:45,,15.88,14.33,
6/23/2021 4:45,,15.87,14.33,
6/23/2021 7:45,,15.82,14.33,
6/23/2021 10:45,,15.74,14.34,
6/23/2021 13:45,,15.63,14.35,
6/23/2021 16:45,,15.55,14.34,
6/23/2021 19:45,,15.53,14.34,
6/23/2021 22:45,,15.55,14.33,
6/24/2021 1:45,,15.59,14.32,
6/24/2021 4:45,,15.6,14.32,
6/24/2021 7:45,,15.6,14.32,
6/24/2021 10:45,,15.58,14.32,
6/24/2021 13:45,,15.54,14.32,
6/24/2021 16:45,,15.51,14.33,
6/24/2021 19:45,,15.52,14.33,
6/24/2021 22:45,,15.56,14.33,
6/25/2021 1:45,,15.6,14.33,
6/25/2021 4:45,,15.63,14.33,
6/25/2021 7:45,,15.63,14.34,
6/25/2021 10:45,,15.59,14.35,
6/25/2021 13:45,,15.54,14.37,
6/25/2021 16:45,,15.5,14.37,
6/25/2021 19:45,,15.49,14.37,
6/25/2021 22:45,,15.5,14.38,
6/26/2021 1:45,,15.54,14.38,
6/26/2021 4:45,,15.56,14.38,
6/26/2021 7:45,,15.56,14.38,
6/26/2021 10:45,,15.51,14.39,
6/26/2021 13:45,,15.47,14.39,
6/26/2021 16:45,,15.42,14.4,
6/26/2021 19:45,,15.41,14.39,
6/26/2021 22:45,,15.43,14.39,
6/27/2021 1:45,,15.48,14.39,
6/27/2021 4:45,,15.51,14.39,
6/27/2021 7:45,,15.54,14.39,
6/27/2021 10:45,,15.54,14.4,
6/27/2021 13:45,,15.54,14.41,
6/27/2021 16:45,,15.52,14.43,
6/27/2021 19:45,,15.51,14.44,
6/27/2021 22:45,,15.52,14.44,
6/28/2021 1:45,,15.54,14.45,
6/28/2021 4:45,,15.56,14.46,
6/28/2021 7:45,,15.55,14.46,
6/28/2021 10:45,,15.51,14.47,
6/28/2021 13:45,,15.47,14.47,
6/28/2021 16:45,,15.43,14.48,
6/28/2021 19:45,,15.41,14.48,
6/28/2021 22:45,,15.43,14.47,
6/29/2021 1:45,,15.48,14.47,
6/29/2021 4:45,,15.52,14.47,
6/29/2021 7:45,,15.54,14.48,
6/29/2021 10:45,,15.53,14.49,
6/29/2021 13:45,,15.48,14.5,
6/29/2021 16:45,,15.44,14.5,
6/29/2021 19:45,,15.42,14.51,
6/29/2021 22:45,,15.46,14.51,
6/30/2021 1:45,,15.52,14.51,
6/30/2021 4:45,,15.59,14.51,
6/30/2021 7:45,,15.65,14.52,
6/30/2021 10:45,,15.69,14.54,
6/30/2021 13:45,,15.7,14.56,
6/30/2021 16:45,,15.7,14.58,
6/30/2021 19:45,,15.7,14.6,
6/30/2021 22:45,,15.7,14.62,
7/1/2021 1:45,,15.72,14.64,
7/1/2021 4:45,,15.73,14.65,
7/1/2021 7:45,,15.74,14.67,
7/1/2021 10:45,,15.73,14.68,
7/1/2021 13:45,,15.7,14.69,
7/1/2021 16:45,,15.68,14.7,
7/1/2021 19:45,,15.65,14.71,
7/1/2021 22:45,,15.64,14.71,
7/2/2021 1:45,,15.62,14.72,
7/2/2021 4:45,,15.6,14.72,
7/2/2021 7:45,,15.58,14.71,
7/2/2021 10:45,,15.55,14.71,
7/2/2021 13:45,,15.51,14.71,
7/2/2021 16:45,,15.49,14.7,
7/2/2021 19:45,,15.51,14.69,
7/2/2021 22:45,,15.54,14.69,
7/3/2021 1:45,,15.6,14.69,
7/3/2021 4:45,,15.66,14.69,
7/3/2021 7:45,,15.71,14.71,
7/3/2021 10:45,,15.75,14.72,
7/3/2021 13:45,,15.77,14.75,
7/3/2021 16:45,,15.78,14.77,
7/3/2021 19:45,,15.82,14.79,
7/3/2021 22:45,,15.87,14.81,
7/4/2021 1:45,,15.94,14.83,
7/4/2021 4:45,,16.02,14.85,
7/4/2021 7:45,,16.07,14.87,
7/4/2021 10:45,,16.12,14.9,
7/4/2021 13:45,,16.15,14.94,
7/4/2021 16:45,,16.17,14.98,
7/4/2021 19:45,,16.21,15.01,
7/4/2021 22:45,,16.26,15.04,
7/5/2021 1:45,,16.32,15.07,
7/5/2021 4:45,,16.38,15.1,
7/5/2021 7:45,,16.44,15.13,
7/5/2021 10:45,,20.73,20.9,
7/5/2021 13:45,,22.28,25.17,
7/5/2021 16:45,,21.67,27.05,
7/5/2021 19:45,,17.66,18.66,
7/5/2021 22:45,,17.28,18.31,
7/6/2021 1:45,,17.56,17.53,
7/6/2021 4:45,,16.37,17.16,
7/6/2021 7:45,,19.05,17.97,
7/6/2021 10:45,,21.46,22.78,
7/6/2021 13:45,,21.88,24.11,
7/6/2021 16:45,,26.61,25.21,
7/6/2021 19:45,,21.08,24.82,
7/6/2021 22:45,,18.38,19.22,
7/7/2021 1:45,,18.31,18.57,
7/7/2021 4:45,,17.7,18.27,
7/7/2021 7:45,,18.42,17.48,
7/7/2021 10:45,,19.34,20.6,
7/7/2021 13:45,,20.88,20.5,
7/7/2021 16:45,,28.61,23.86,
7/7/2021 19:45,,29.19,32.02,
7/7/2021 22:45,,17.41,21.67,
7/8/2021 1:45,,14.33,15.71,
7/8/2021 4:45,,14.25,15.16,
7/8/2021 7:45,,18.61,16.5,
7/8/2021 10:45,,23.3,21.97,
7/8/2021 13:45,,21.81,20.45,
7/8/2021 16:45,,22.51,24.86,
7/8/2021 19:45,,23.7,22.83,
7/8/2021 22:45,,16.92,21.3,
7/9/2021 1:45,,14.5,15.89,
7/9/2021 4:45,,12.82,14.82,
7/9/2021 7:45,,16.98,13.76,
7/9/2021 10:45,,20.82,20.5,
7/9/2021 13:45,,24.48,24.02,
7/9/2021 16:45,,24.85,26.19,
7/9/2021 19:45,,20.03,24.3,
7/9/2021 22:45,,17.8,18.61,
7/10/2021 1:45,,17.22,17.77,
7/10/2021 4:45,,15.62,16.78,
7/10/2021 7:45,,16.32,15.71,
7/10/2021 10:45,,19.81,17.46,
7/10/2021 13:45,,20.52,20.4,
7/10/2021 16:45,,18.46,18.75,
7/10/2021 19:45,,19.02,19.31,
7/10/2021 22:45,,17.12,18.27,
7/11/2021 1:45,,16.01,17,
7/11/2021 4:45,,15.37,15.12,
7/11/2021 7:45,,16.1,16.1,
7/11/2021 10:45,,18.82,18.91,
7/11/2021 13:45,,16.9,17.83,
7/11/2021 16:45,,25.37,18.12,
7/11/2021 19:45,,27.1,30.33,
7/11/2021 22:45,,16.4,21.62,
7/12/2021 1:45,,13.36,14.53,
7/12/2021 4:45,,12.39,12.92,
7/12/2021 7:45,,17.18,14.95,
7/12/2021 10:45,,19.38,19.42,
7/12/2021 13:45,,22.49,21.2,
7/12/2021 16:45,,34.2,24.11,
7/12/2021 19:45,,26.11,35.36,
7/12/2021 22:45,,20.76,23.46,
7/13/2021 1:45,,18.08,19.44,
7/13/2021 4:45,,16.14,16.71,
7/13/2021 7:45,,19.2,17.85,
7/13/2021 10:45,,21.86,20.94,
7/13/2021 13:45,,25.92,24.83,
7/13/2021 16:45,,31.58,27.14,
7/13/2021 19:45,,29.99,37.47,
7/13/2021 22:45,,21.25,23.79,
7/14/2021 1:45,,18.75,19.27,
7/14/2021 4:45,,17.67,18.22,
7/14/2021 7:45,,20.75,18.42,
7/14/2021 10:45,,22.96,22.15,
7/14/2021 13:45,,25.96,24.58,
7/14/2021 16:45,,34.84,28.76,
7/14/2021 19:45,,33.25,34.75,
7/14/2021 22:45,,22.99,26.99,
7/15/2021 1:45,,19.87,21.13,
7/15/2021 4:45,,17.65,18.74,
7/15/2021 7:45,,21.16,19.01,
7/15/2021 10:45,,22.98,22.36,
7/15/2021 13:45,,24.34,24.51,
7/15/2021 16:45,,31.77,25.9,
7/15/2021 19:45,,29.94,32.59,
7/15/2021 22:45,,22.16,25.5,
7/16/2021 1:45,,20.04,20.94,
7/16/2021 4:45,,18.24,18.84,
7/16/2021 7:45,,21.53,18.68,
7/16/2021 10:45,,24.57,23.41,
7/16/2021 13:45,,26.75,25.83,
7/16/2021 16:45,,33.31,28.75,
7/16/2021 19:45,,25.54,31.09,
7/16/2021 22:45,,22.93,24.44,
7/17/2021 1:45,,20.75,21.73,
7/17/2021 4:45,,20.34,21.43,
7/17/2021 7:45,,20.94,19.94,
7/17/2021 10:45,,20.91,22.95,
7/17/2021 13:45,,20.98,21.21,
7/17/2021 16:45,,25.78,23.22,
7/17/2021 19:45,,24.67,26.78,
7/17/2021 22:45,,19.86,21.03,
7/18/2021 1:45,,19.2,19.41,
7/18/2021 4:45,,18.55,19.17,
7/18/2021 7:45,,18.33,18.09,
7/18/2021 10:45,,19.12,18.86,
7/18/2021 13:45,,20,19.65,
7/18/2021 16:45,,19.49,20.05,
7/18/2021 19:45,,17.83,21.61,
7/18/2021 22:45,,16.62,17.04,
7/19/2021 1:45,,13.37,15.13,
7/19/2021 4:45,,13.19,12.32,
7/19/2021 7:45,,16.22,14.26,
7/19/2021 10:45,,17.18,17.01,
7/19/2021 13:45,,21.8,21.22,
7/19/2021 16:45,,26.55,23.15,
7/19/2021 19:45,,25.41,26.42,
7/19/2021 22:45,,16.47,19.67,
7/20/2021 1:45,,12.94,14.24,
7/20/2021 4:45,,15.53,13.21,
7/20/2021 7:45,,16.89,16.46,
7/20/2021 10:45,,19.51,18.11,
7/20/2021 13:45,,20.46,21.71,
7/20/2021 16:45,,23.81,20.98,
7/20/2021 19:45,,21.58,23.55,
7/20/2021 22:45,,17.41,18.55,
7/21/2021 1:45,,15.51,16.47,
7/21/2021 4:45,,13.77,14.43,
7/21/2021 7:45,,17.17,14.52,
7/21/2021 10:45,,17.97,18.19,
7/21/2021 13:45,,19.41,19.11,
7/21/2021 16:45,,25.88,20.58,
7/21/2021 19:45,,23.74,26.07,
7/21/2021 22:45,,16.54,19.19,
7/22/2021 1:45,,13.63,14.75,
7/22/2021 4:45,,12.03,12.78,
7/22/2021 7:45,,15.91,12.47,
7/22/2021 10:45,,19.11,17.62,
7/22/2021 13:45,,19.52,19.35,
7/22/2021 16:45,,26.28,20.71,
7/22/2021 19:45,,25.13,26.79,
7/22/2021 22:45,,15.94,19.68,
7/23/2021 1:45,,12.67,13.71,
7/23/2021 4:45,,11.4,11.68,
7/23/2021 7:45,,15.67,12.29,
7/23/2021 10:45,,18.88,18.63,
7/23/2021 13:45,,20.41,20.06,
7/23/2021 16:45,,26.03,21.11,
7/23/2021 19:45,,25.56,27.06,
7/23/2021 22:45,,16.96,20.2,
7/24/2021 1:45,,13.87,15.09,
7/24/2021 4:45,,12.37,13.15,
7/24/2021 7:45,,15.88,12.93,
7/24/2021 10:45,,19.83,18.59,
7/24/2021 13:45,,24.03,24.23,
7/24/2021 16:45,,30.37,26.38,
7/24/2021 19:45,,30.49,35.35,
7/24/2021 22:45,,18.96,22.77,
7/25/2021 1:45,,16.84,17,
7/25/2021 4:45,,15.34,15.76,
7/25/2021 7:45,,17.67,16.25,
7/25/2021 10:45,,20.84,20.58,
7/25/2021 13:45,,25.34,24.25,
7/25/2021 16:45,,33.22,28.15,
7/25/2021 19:45,,30.61,36.38,
7/25/2021 22:45,,20.15,24.54,
7/26/2021 1:45,,18.4,18.45,
7/26/2021 4:45,,17.85,18.13,
7/26/2021 7:45,,19.9,18.38,
7/26/2021 10:45,,22.63,22.18,
7/26/2021 13:45,,27.45,26.05,
7/26/2021 16:45,,30.62,27,
7/26/2021 19:45,,27.27,30.63,
7/26/2021 22:45,,20.83,23.31,
7/27/2021 1:45,,19.24,18.81,
7/27/2021 4:45,,19.62,19.62,
7/27/2021 7:45,,20.79,19.69,
7/27/2021 10:45,,24,22.68,
7/27/2021 13:45,,26.83,25.88,
7/27/2021 16:45,,21.92,28.33,
7/27/2021 19:45,,23.1,21.96,
7/27/2021 22:45,,19.24,20.68,
7/28/2021 1:45,,17,17.83,
7/28/2021 4:45,,16.18,16.72,
7/28/2021 7:45,,18.34,16.96,
7/28/2021 10:45,,22.17,19.4,
7/28/2021 13:45,,24.34,24.04,
7/28/2021 16:45,,20.84,23.83,
7/28/2021 19:45,,21.8,24.15,
7/28/2021 22:45,,18.35,20.48,
7/29/2021 1:45,,17.74,18.58,
7/29/2021 4:45,,17.04,17.64,
7/29/2021 7:45,,18.31,17.6,
7/29/2021 10:45,,18.33,19,
7/29/2021 13:45,,19.35,19.52,
7/29/2021 16:45,,18.18,17.42,
7/29/2021 19:45,,16.75,21.71,
7/29/2021 22:45,,14.25,12.78,
7/30/2021 1:45,,14.46,14.66,
7/30/2021 4:45,,14.47,14.82,
7/30/2021 7:45,,15.55,15.08,
7/30/2021 10:45,,16.17,16.49,
7/30/2021 13:45,,18.92,18.47,
7/30/2021 16:45,,17.16,20.74,
7/30/2021 19:45,,17.4,18.44,
7/30/2021 22:45,,16.2,16.59,
7/31/2021 1:45,,16.39,16.45,
7/31/2021 4:45,,15.96,15.89,
7/31/2021 7:45,,16.22,15.62,
7/31/2021 10:45,,19.61,19.21,
7/31/2021 13:45,,19.29,19.74,
7/31/2021 16:45,,18.84,20.68,
7/31/2021 19:45,,17.81,18.56,
7/31/2021 22:45,,15.66,16.36,
8/1/2021 1:45,,13.98,14.9,
8/1/2021 4:45,,13.65,14.89,
8/1/2021 7:45,,14.33,14.68,
8/1/2021 10:45,,15.75,16.2,
8/1/2021 13:45,,18.95,17.55,
8/1/2021 16:45,,23.66,20.31,
8/1/2021 19:45,,18.66,20.69,
8/1/2021 22:45,,15.2,16.57,
8/2/2021 1:45,,13.63,14.06,
8/2/2021 4:45,,13.77,14.34,
8/2/2021 7:45,,14.69,14.58,
8/2/2021 10:45,,15.28,15.31,
8/2/2021 13:45,,15.7,16.93,
8/2/2021 16:45,,19.65,17.92,
8/2/2021 19:45,,18.52,19.94,
8/2/2021 22:45,,14.14,15.52,
8/3/2021 1:45,,13.89,14.67,
8/3/2021 4:45,,13.69,14.76,
8/3/2021 7:45,,14.34,14.56,
8/3/2021 10:45,,16.23,16.33,
8/3/2021 13:45,,17.18,16.52,
8/3/2021 16:45,,24.2,19.41,
8/3/2021 19:45,,18.9,24.05,
8/3/2021 22:45,,13.32,16.82,
8/4/2021 1:45,,12.29,13.05,
8/4/2021 4:45,,10.96,11.48,
8/4/2021 7:45,,13.69,11.95,
8/4/2021 10:45,,17.41,16.67,
8/4/2021 13:45,,17.3,17.41,
8/4/2021 16:45,,24.09,17.72,
8/4/2021 19:45,,21.01,23.02,
8/4/2021 22:45,,12.55,16.18,
8/5/2021 1:45,,10.57,11.83,
8/5/2021 4:45,,9.01,10.38,
8/5/2021 7:45,,11.68,9.8,
8/5/2021 10:45,,14.41,13.77,
8/5/2021 13:45,,17.33,16.37,
8/5/2021 16:45,,25.69,19.12,
8/5/2021 19:45,,23.83,25.06,
8/5/2021 22:45,,15.59,17.78,
8/6/2021 1:45,,12.23,13.83,
8/6/2021 4:45,,12.58,12.41,
8/6/2021 7:45,,13.6,12.85,
8/6/2021 10:45,,18.37,16.44,
8/6/2021 13:45,,22.35,20.58,
8/6/2021 16:45,,24.19,21.54,
8/6/2021 19:45,,20.16,24.5,
8/6/2021 22:45,,15.31,17.51,
8/7/2021 1:45,,13.92,15.38,
8/7/2021 4:45,,11.41,12.68,
8/7/2021 7:45,,13.74,12.77,
8/7/2021 10:45,,18.2,16.74,
8/7/2021 13:45,,22.17,21.27,
8/7/2021 16:45,,21.16,22,
8/7/2021 19:45,,19.46,19.38,
8/7/2021 22:45,,15.59,17.91,
8/8/2021 1:45,,14.93,15.49,
8/8/2021 4:45,,13.4,14.44,
8/8/2021 7:45,,14.43,13.43,
8/8/2021 10:45,,20.21,18.02,
8/8/2021 13:45,,20.48,18.94,
8/8/2021 16:45,,22.9,20.46,
8/8/2021 19:45,,21.12,24.47,
8/8/2021 22:45,,16.84,18.43,
8/9/2021 1:45,,16.97,17.47,
8/9/2021 4:45,,15.62,16.68,
8/9/2021 7:45,,15.34,15.01,
8/9/2021 10:45,,19.22,16.63,
8/9/2021 13:45,,19.16,19.1,
8/9/2021 16:45,,18.22,18.8,
8/9/2021 19:45,,17.44,17.28,
8/9/2021 22:45,,14.17,14.3,
8/10/2021 1:45,,12.42,12.41,
8/10/2021 4:45,,11.47,11.15,
8/10/2021 7:45,,15.02,11.52,
8/10/2021 10:45,,20.41,17.63,
8/10/2021 13:45,,21.74,22.68,
8/10/2021 16:45,,19.96,16.62,
8/10/2021 19:45,,18.34,20.71,
8/10/2021 22:45,,13.65,14.27,
8/11/2021 1:45,,13.71,11.93,
8/11/2021 4:45,,13.84,13.28,
8/11/2021 7:45,,14.51,13.76,
8/11/2021 10:45,,17.07,17.63,
8/11/2021 13:45,,18.47,19.32,
8/11/2021 16:45,,26.9,21.63,
8/11/2021 19:45,,20.71,22.02,
8/11/2021 22:45,,14.7,15.66,
8/12/2021 1:45,,12.22,12.24,
8/12/2021 4:45,,10.99,10.24,
8/12/2021 7:45,,15.07,10.54,
8/12/2021 10:45,,20.51,17.91,
8/12/2021 13:45,,19.86,23.08,
8/12/2021 16:45,,29.94,23.66,
8/12/2021 19:45,,22.57,30.67,
8/12/2021 22:45,,15.76,16.52,
8/13/2021 1:45,,14.69,15.67,
8/13/2021 4:45,,14.77,13.48,
8/13/2021 7:45,,16.98,14.49,
8/13/2021 10:45,,19.14,17.86,
8/13/2021 13:45,,23.12,22.45,
8/13/2021 16:45,,24.43,26.4,
8/13/2021 19:45,,19.13,25.85,
8/13/2021 22:45,,16.63,17.34,
8/14/2021 1:45,,15.61,16.57,
8/14/2021 4:45,,15.2,15.7,
8/14/2021 7:45,,16.17,15.6,
8/14/2021 10:45,,18.45,18.32,
8/14/2021 13:45,,19.78,19.86,
8/14/2021 16:45,,19.09,22.28,
8/14/2021 19:45,,15.87,16.32,
8/14/2021 22:45,,14.18,14.4,
8/15/2021 1:45,,14.61,14.8,
8/15/2021 4:45,,14.11,14.71,
8/15/2021 7:45,,14.91,15.05,
8/15/2021 10:45,,16.72,15.33,
8/15/2021 13:45,,19.13,18.25,
8/15/2021 16:45,,23.13,20.23,
8/15/2021 19:45,,18.47,21.35,
8/15/2021 22:45,,15.25,15.73,
8/16/2021 1:45,,15.04,14.63,
8/16/2021 4:45,,14.51,14.62,
8/16/2021 7:45,,16.26,14.82,
8/16/2021 10:45,,16.84,15.77,
8/16/2021 13:45,,20,18.29,
8/16/2021 16:45,,20.73,20.35,
8/16/2021 19:45,,16.94,16.52,
8/16/2021 22:45,,14.68,14.31,
8/17/2021 1:45,,13.68,13.12,
8/17/2021 4:45,,11.67,11.92,
8/17/2021 7:45,,14.13,11.39,
8/17/2021 10:45,,14.99,14.17,
8/17/2021 13:45,,16.49,14.48,
8/17/2021 16:45,,16.06,15.85,
8/17/2021 19:45,,14.22,14.54,
8/17/2021 22:45,,13.6,14.29,
8/18/2021 1:45,,14.61,14.49,
8/18/2021 4:45,,14.82,14.08,
8/18/2021 7:45,,15.63,14.88,
8/18/2021 10:45,,16.49,15.72,
8/18/2021 13:45,,17.7,16.51,
8/18/2021 16:45,,15.69,14.9,
8/18/2021 19:45,,14.75,14.96,
8/18/2021 22:45,,14.48,14.76,
8/19/2021 1:45,,13.76,14.31,
8/19/2021 4:45,,13.31,13.59,
8/19/2021 7:45,,13.69,13.42,
8/19/2021 10:45,,16.78,14.68,
8/19/2021 13:45,,17.44,16.01,
8/19/2021 16:45,,20.69,16.61,
8/19/2021 19:45,,16.07,16.54,
8/19/2021 22:45,,14.27,14.29,
8/20/2021 1:45,,13.91,14,
8/20/2021 4:45,,13.29,13.22,
8/20/2021 7:45,,14.28,13.5,
8/20/2021 10:45,,20.15,17.51,
8/20/2021 13:45,,21.85,21.67,
8/20/2021 16:45,,22.57,22.15,
8/20/2021 19:45,,23.41,23,
8/20/2021 22:45,,22.44,23.12,
8/21/2021 1:45,,21.97,22.33,
8/21/2021 4:45,,21.69,21.94,
8/21/2021 7:45,,21.55,21.68,
8/21/2021 10:45,,21.89,21.77,
8/21/2021 13:45,,22.13,22.1,
8/21/2021 16:45,,23.18,22.49,
8/21/2021 19:45,,24.94,24.27,
8/21/2021 22:45,,23.2,24.38,
8/22/2021 1:45,,22.38,23,
8/22/2021 4:45,,21.84,22.26,
8/22/2021 7:45,,21.5,21.76,
8/22/2021 10:45,,22,21.75,
8/22/2021 13:45,,22.33,22.25,
8/22/2021 16:45,,23.53,22.71,
8/22/2021 19:45,,23.92,24.31,
8/22/2021 22:45,,23.06,23.72,
8/23/2021 1:45,,22.57,22.98,
8/23/2021 4:45,,22.24,22.56,
8/23/2021 7:45,,21.77,22.24,
8/23/2021 10:45,,21.42,21.47,
8/23/2021 13:45,,21.96,21.68,
8/23/2021 16:45,,23.12,22.5,
8/23/2021 19:45,,24.88,24.18,
8/23/2021 22:45,,23.44,24.46,
8/24/2021 1:45,,22.64,23.24,
8/24/2021 4:45,,22.17,22.55,
8/24/2021 7:45,,21.81,22.1,
8/24/2021 10:45,,21.69,21.6,
8/24/2021 13:45,,22.2,22.05,
8/24/2021 16:45,,22.31,22.36,
8/24/2021 19:45,,25.05,23.89,
8/24/2021 22:45,,23.61,24.85,
8/25/2021 1:45,,22.83,23.44,
8/25/2021 4:45,,22.46,22.84,
8/25/2021 7:45,,22.21,22.48,
8/25/2021 10:45,,22.49,22.41,
8/25/2021 13:45,,23.87,22.51,
8/25/2021 16:45,,25.74,24.76,
8/25/2021 19:45,,22.16,24.31,
8/25/2021 22:45,,20.59,21.27,
8/26/2021 1:45,,19.09,19.97,
8/26/2021 4:45,,17.73,18.31,
8/26/2021 7:45,,17.86,18.06,
8/26/2021 10:45,,17.66,17.11,
8/26/2021 13:45,,22.19,20.65,
8/26/2021 16:45,,23.2,22.93,
8/26/2021 19:45,,23.42,23.44,
8/26/2021 22:45,,23.32,23.49,
8/27/2021 1:45,,23.23,23.39,
8/27/2021 4:45,,23.16,23.31,
8/27/2021 7:45,,23.1,23.24,
8/27/2021 10:45,,23.23,23.26,
8/27/2021 13:45,,23.34,23.36,
8/27/2021 16:45,,23.33,23.49,
8/27/2021 19:45,,23.22,23.27,
8/27/2021 22:45,,23.11,23.22,
8/28/2021 1:45,,23,23.08,
8/28/2021 4:45,,22.92,22.99,
8/28/2021 7:45,,22.87,22.92,
8/28/2021 10:45,,22.88,22.9,
8/28/2021 13:45,,22.96,22.97,
8/28/2021 16:45,,22.95,23.02,
8/28/2021 19:45,,22.89,22.99,
8/28/2021 22:45,,22.81,22.89,
8/29/2021 1:45,,22.73,22.8,
8/29/2021 4:45,,22.7,22.76,
8/29/2021 7:45,,22.69,22.71,
8/29/2021 10:45,,22.84,22.8,
8/29/2021 13:45,,23.31,23.15,
8/29/2021 16:45,,23.45,23.44,
8/29/2021 19:45,,23.37,23.78,
8/29/2021 22:45,,22.94,23.23,
8/30/2021 1:45,,22.75,22.99,
8/30/2021 4:45,,22.67,22.88,
8/30/2021 7:45,,22.7,22.84,
8/30/2021 10:45,,23.33,23.04,
8/30/2021 13:45,,23.86,23.85,
8/30/2021 16:45,,24.27,23.66,
8/30/2021 19:45,,22.22,23.3,
8/30/2021 22:45,,19.35,20.66,
8/31/2021 1:45,,17.4,18.4,
8/31/2021 4:45,,15.95,16.78,
8/31/2021 7:45,,15.22,15.46,
8/31/2021 9:45,,,15.56,
