,Year,Month,Day,DOY,temp0.5,temp1.5,temp2.5,Depth,depth0.5,depth1.5,depth2.5,temp.avg,Stemp10,Stemp50
1,2020,6,18,170,16.6025,14.435,15.035,0.599032258,0.5,0.599032258,0.599032258,15.75288891,12.3375,10.6
5,2020,6,19,171,17.57875,14.38875,14.94125,0.59516129,0.5,0.59516129,0.59516129,16.24846649,12.92916667,10.8
13,2020,6,20,172,18.1225,14.49625,15.0075,0.59,0.5,0.59,0.59,16.57634174,12.6125,10.9875
21,2020,6,21,173,18.32125,14.85125,15.3725,0.58483871,0.5,0.58483871,0.58483871,16.84205546,12.79583333,11.00416667
29,2020,6,22,174,17.9275,15.04,15.2575,0.582015972,0.5,0.582015972,0.582015972,16.64343855,13.57083333,11.16666667
37,2020,6,23,175,18.13125,15.02,15.31625,0.590418288,0.5,0.590418288,0.590418288,16.77253975,14.25416667,11.49583333
45,2020,6,24,176,18.42875,15.17875,15.6075,0.600223735,0.5,0.600223735,0.600223735,17.04920105,14.52083333,11.85
53,2020,6,25,177,18.9325,15.40125,15.695,0.610029183,0.5,0.610029183,0.610029183,17.40804684,14.14166667,12.0375
61,2020,6,26,178,19.2725,15.5625,15.775,0.61983463,0.5,0.61983463,0.61983463,17.66344546,NA,NA
69,2020,6,27,179,19.4175,15.8175,15.9875,0.629640078,0.5,0.629640078,0.629640078,17.86169472,15.09583333,12.225
77,2020,6,28,180,19.81125,15.905,16.27625,0.639445525,0.5,0.639445525,0.639445525,18.17860284,15.92916667,12.60416667
85,2020,6,29,181,20.3025,16.06,16.35,0.649250973,0.5,0.649250973,0.649250973,18.51981715,16.275,12.98333333
93,2020,6,30,182,19.53375,16.2075,16.50375,0.65905642,0.5,0.65905642,0.65905642,18.16275332,16.52083333,13.2375
101,2020,7,1,183,18.73125,16.2875,16.45125,0.668861868,0.5,0.668861868,0.668861868,17.7209189,16.84166667,13.52916667
109,2020,7,2,184,18.515,16.2225,16.36375,0.678667315,0.5,0.678667315,0.678667315,17.57246305,16.6625,13.81666667
117,2020,7,3,185,17.9425,16.105,16.23125,0.688472763,0.5,0.688472763,0.688472763,17.19600624,15.56666667,13.86666667
125,2020,7,4,186,17.005,15.93625,16.05,0.69827821,0.5,0.69827821,0.69827821,16.5827796,15.40833333,13.72083333
133,2020,7,5,187,17.33,15.73125,15.80625,0.708083658,0.5,0.708083658,0.708083658,16.683832,15.14166667,13.63333333
141,2020,7,6,188,16.895,15.6075,15.65875,0.717889105,0.5,0.717889105,0.717889105,16.37694175,14.50833333,13.5375
149,2020,7,7,189,16.82375,15.4825,15.5125,0.727694553,0.5,0.727694553,0.727694553,16.28361158,13.9625,13.31666667
157,2020,7,8,190,16.3075,15.36,15.39,0.7375,0.5,0.7375,0.7375,15.93073232,14.1375,13.18333333
165,2020,7,9,191,15.25125,15.21125,15.20375,0.747305447,0.5,0.747305447,0.747305447,15.23371219,13.72083333,13.1375
173,2020,7,10,192,14.43,14.96625,14.93125,0.757110895,0.5,0.757110895,0.757110895,14.63632627,13.80416667,13.01666667
181,2020,7,11,193,14.795,14.6975,14.6425,0.766916342,0.5,0.766916342,0.766916342,14.74566762,13.4625,12.95
189,2020,7,12,194,15.65625,14.52625,14.48875,0.77672179,0.5,0.77672179,0.77672179,15.20636734,13.69583333,12.85833333
197,2020,7,13,195,15.19,14.475,14.45875,0.786527237,0.5,0.786527237,0.786527237,14.90896242,13.40416667,12.85833333
205,2020,7,14,196,15.8025,14.41375,14.40375,0.796332685,0.5,0.796332685,0.796332685,15.2649258,13.65,12.8
213,2020,7,15,197,16.635,14.45125,14.45375,0.806138132,0.5,0.806138132,0.806138132,15.79952175,13.5375,12.8
221,2020,7,16,198,16.66125,14.50625,14.515,0.81594358,0.5,0.81594358,0.81594358,15.8441082,13.575,12.8
229,2020,7,17,199,17.54375,14.585,14.6,0.825749027,0.5,0.825749027,0.825749027,16.43069997,14.075,12.80833333
237,2020,7,18,200,17.38375,14.7,14.71375,0.835554475,0.5,0.835554475,0.835554475,16.38159133,14.55,12.96666667
245,2020,7,19,201,17.805,14.7925,14.79625,0.845359922,0.5,0.845359922,0.845359922,16.68610797,14.80833333,13.10416667
253,2020,7,20,202,18.72,14.85875,14.86,0.85516537,0.5,0.85516537,0.85516537,17.29558897,15.28333333,13.3125
261,2020,7,21,203,18.44625,15.04875,15.01875,0.864970817,0.5,0.864970817,0.864970817,17.19622328,15.5,13.53333333
269,2020,7,22,204,17.26125,15.2325,15.1975,0.874776265,0.5,0.874776265,0.874776265,16.517038,15.65833333,13.7625
277,2020,7,23,205,16.03,15.23125,15.2075,0.884581712,0.5,0.884581712,0.884581712,15.73726719,15.90416667,13.8875
285,2020,7,24,206,15.17625,15.1175,15.0725,0.89438716,0.5,0.89438716,0.89438716,15.14711534,15.1125,13.98333333
293,2020,7,25,207,15.075,14.90625,14.88625,0.904192607,0.5,0.904192607,0.904192607,15.01135132,14.59583333,13.85416667
301,2020,7,26,208,15.2475,14.70375,14.70875,0.913998054,0.5,0.913998054,0.913998054,15.05611006,13.79166667,13.64583333
309,2020,7,27,209,16.25,14.56,14.5575,0.923803502,0.5,0.923803502,0.923803502,15.65608026,13.71666667,13.35833333
317,2020,7,28,210,16.95375,14.51625,14.51625,0.933608949,0.5,0.933608949,0.933608949,16.10362277,13.70416667,13.16666667
325,2020,7,29,211,16.88875,14.5925,14.5725,0.943414397,0.5,0.943414397,0.943414397,16.089863,14.00416667,13.14166667
333,2020,7,30,212,16.795,14.6725,14.64375,0.953219844,0.5,0.953219844,0.953219844,16.05977917,15.02083333,13.225
341,2020,7,31,213,17.1425,14.73125,14.6825,0.963025292,0.5,0.963025292,0.963025292,16.31010667,14.69166667,13.47916667
349,2020,8,1,214,17.05625,14.76,14.71625,0.972830739,0.5,0.972830739,0.972830739,16.26928754,14.67916667,13.5
357,2020,8,2,215,17.2925,14.78375,14.7475,0.982636187,0.5,0.982636187,0.982636187,16.44034388,14.67916667,13.54583333
365,2020,8,3,216,17.335,14.8025,14.795,0.992441634,0.5,0.992441634,0.992441634,16.48530178,15.10833333,13.60416667
373,2020,8,4,217,16.88,14.82375,14.83125,1.002247082,0.5,1.002247082,1.002247082,16.19583333,15,13.75
381,2020,8,5,218,16.38,14.83875,14.84,1.012052529,0.5,1.012052529,1.012052529,15.86645833,15.54583333,13.825
389,2020,8,6,219,16.41875,14.81125,14.81375,1.021857977,0.5,1.021857977,1.021857977,15.88333333,15.44166667,13.975
397,2020,8,7,220,16.75875,14.77375,14.78625,1.031663424,0.5,1.031663424,1.031663424,16.09916667,14.84166667,13.9625
405,2020,8,8,221,17.135,14.755,14.77875,1.041468872,0.5,1.041468872,1.041468872,16.345625,14.34583333,13.85833333
413,2020,8,9,222,17.35875,14.765,14.78875,1.051274319,0.5,1.051274319,1.051274319,16.498125,15.26666667,13.80416667
421,2020,8,10,223,16.635,14.785,14.80125,1.061079767,0.5,1.061079767,1.061079767,16.02104167,15.64583333,13.9125
429,2020,8,11,224,15.70125,14.78,14.795,1.070885214,0.5,1.070885214,1.070885214,15.39666667,16.125,14.1
437,2020,8,12,225,15.22,14.7075,14.725,1.080690661,0.5,1.080690661,1.080690661,15.05208333,16.15833333,14.29583333
445,2020,8,13,226,15.80375,14.60125,14.61,1.090496109,0.5,1.090496109,1.090496109,15.404375,15.20833333,14.3125
453,2020,8,14,227,16.57,14.505,14.5075,1.100301556,0.5,1.100301556,1.100301556,15.88208333,14.57083333,14.12083333
461,2020,8,15,228,16.865,14.445,14.44625,1.110107004,0.5,1.110107004,1.110107004,16.05854167,14.84166667,13.95
469,2020,8,16,229,17.0425,14.415,14.41875,1.119912451,0.5,1.119912451,1.119912451,16.16729167,15.4125,13.99166667
477,2020,8,17,230,16.74625,14.40875,14.4125,1.129717899,0.5,1.129717899,1.129717899,15.96770833,15.86666667,14.12083333
485,2020,8,18,231,17.52125,14.41375,14.4275,1.139523346,0.5,1.139523346,1.139523346,16.48770833,16.01666667,14.3
493,2020,8,19,232,17.1025,14.42625,14.435,1.149328794,0.5,1.149328794,1.149328794,16.211875,16.17083333,14.44166667
501,2020,8,20,233,16.80125,14.445,14.4625,1.159134241,0.5,1.159134241,1.159134241,16.01875,16.10833333,14.5375
509,2020,8,21,234,16.8725,14.46625,14.485,1.168939689,0.5,1.168939689,1.168939689,16.07354167,16.4875,14.60416667
517,2020,8,22,235,17.7625,14.48,14.49875,1.178745136,0.5,1.178745136,1.178745136,16.67145833,16.41666667,14.79583333
525,2020,8,23,236,17.30375,14.49375,14.515,1.188550584,0.5,1.188550584,1.188550584,16.370625,16.03333333,14.8
533,2020,8,24,237,16.5725,14.51,14.5325,1.198356031,0.5,1.198356031,1.198356031,15.88875,15.96666667,14.7625
541,2020,8,25,238,15.8675,14.52625,14.54875,1.208502629,0.5,1.208502629,1.208502629,15.42416667,16.45416667,14.8
549,2020,8,26,239,14.53,14.51375,14.54,1.223880208,0.5,1.223880208,1.223880208,14.52895833,15.8875,14.85
557,2020,8,27,240,13.79,14.44875,14.46375,1.240963542,0.5,1.240963542,1.240963542,14.01208333,15.51666667,14.77083333
565,2020,8,28,241,13.2325,14.31875,14.32,1.258046875,0.5,1.258046875,1.258046875,13.59479167,14.1375,14.54166667
573,2020,8,29,242,12.995,14.15125,14.14375,1.275130208,0.5,1.275130208,1.275130208,13.37916667,13.25,14.13333333
581,2020,8,30,243,13.3475,13.9875,13.96625,1.292213542,0.5,1.292213542,1.292213542,13.55729167,13.125,13.77916667
589,2020,8,31,244,13.91375,13.84875,13.81875,1.309296875,0.5,1.309296875,1.309296875,13.88708333,13.10416667,13.51666667
597,2020,9,1,245,14.0925,13.74,13.70625,1.326380208,0.5,1.326380208,1.326380208,13.969375,13.07083333,13.36666667
605,2020,9,2,246,14.7325,13.6775,13.6225,1.343463542,0.5,1.343463542,1.343463542,14.37166667,13.55,13.24583333
613,2020,9,3,247,14.76625,13.69625,13.58375,1.360546875,0.5,1.360546875,1.360546875,14.39083333,13.15833333,13.2625
621,2020,9,4,248,15.1525,13.745,13.58,1.377630208,0.5,1.377630208,1.377630208,14.65583333,13.10416667,13.15
629,2020,9,5,249,14.82125,13.78625,13.58,1.394713542,0.5,1.394713542,1.394713542,14.441875,12.41666667,13.03333333
637,2020,9,6,250,13.97875,13.80375,13.58,1.411796875,0.5,1.411796875,1.411796875,13.883125,13.55416667,12.92916667
645,2020,9,7,251,12.9825,13.81,13.57875,1.428880208,0.5,1.428880208,1.428880208,13.21979167,13.89583333,13.0875
653,2020,9,8,252,12.82375,13.82125,13.5725,1.445963542,0.5,1.445963542,1.445963542,13.11479167,13.57083333,13.2
661,2020,9,9,253,13.11875,13.78625,13.555,1.463046875,0.5,1.463046875,1.463046875,13.30270833,13.05416667,13.14583333
669,2020,9,10,254,12.8675,13.7375,13.5325,1.480130208,0.5,1.480130208,1.480130208,13.12333333,12.5125,13.00833333
677,2020,9,11,255,12.15,13.7,13.495,1.497213542,0.5,1.49625651,1.497213542,12.6325,12.7625,12.8625
685,2020,9,12,256,12.9475,13.67,13.45875,1.514296875,0.5,1.5,1.514296875,13.25887639,12.85416667,12.8
693,2020,9,13,257,12.815,13.5925,13.4025,1.531380208,0.5,1.5,1.531380208,13.16298907,12.275,12.7875
701,2020,9,14,258,12.9075,13.53625,13.35625,1.548463542,0.5,1.5,1.548463542,13.18537727,11.37916667,12.50833333
709,2020,9,15,259,13.32875,13.48625,13.31125,1.565546875,0.5,1.5,1.565546875,13.36763734,12.19166667,12.30416667
717,2020,9,16,260,13.5925,13.50375,13.2675,1.582630208,0.5,1.5,1.582630208,13.48964524,11.96666667,12.25416667
725,2020,9,17,261,12.28125,13.05125,13.2375,1.599713542,0.5,1.5,1.599713542,12.7288846,12.42916667,12.2
733,2020,9,18,262,11.12,12.4325,13.17625,1.616796875,0.5,1.5,1.616796875,11.98813757,12.69166667,12.35833333
741,2020,9,19,263,10.7,12.0325,13.0575,1.633880208,0.5,1.5,1.633880208,11.64822351,12.9,12.4375
749,2020,9,20,264,9.88875,11.5425,12.90375,1.650963542,0.5,1.5,1.650963542,11.09008647,11.6875,12.41666667
757,2020,9,21,265,9.9525,11.17,12.72375,1.668046875,0.5,1.5,1.668046875,10.96676408,10.775,12.06666667
765,2020,9,22,266,10.29625,11.10125,12.54125,1.685130208,0.5,1.5,1.685130208,11.06235072,10.50416667,11.825
773,2020,9,23,267,10.0825,11.1075,12.3825,1.702213542,0.5,1.5,1.702213542,10.93154068,9.75,11.4875
781,2020,9,24,268,10.13875,11.06125,12.2575,1.719296875,0.5,1.5,1.719296875,10.91508884,10.7625,11.2
789,2020,9,25,269,10.38375,11.0425,12.15,1.736380208,0.5,1.5,1.736380208,10.99554913,11.42916667,11.31666667
797,2020,9,26,270,11.005,11.015,12.0575,1.753463542,0.5,1.5,1.753463542,11.24187298,11.17083333,11.4
805,2020,9,27,271,11.4625,11.0475,11.98375,1.770546875,0.5,1.5,1.770546875,11.43644815,11.39583333,11.4
813,2020,9,28,272,11.94125,11.08125,11.9175,1.787630208,0.5,1.5,1.787630208,11.63996137,11.30416667,11.49166667
821,2020,9,29,273,12.16,11.11375,11.865,1.804713542,0.5,1.5,1.804713542,11.73069218,12.075,11.525
829,2020,9,30,274,12.3,11.1475,11.81875,1.821796875,0.5,1.5,1.821796875,11.78843677,12.42916667,11.73333333
837,2020,10,1,275,12.31,11.18625,11.78125,1.838880208,0.5,1.5,1.838880208,11.79391259,12.36666667,11.8875
845,2020,10,2,276,11.95875,11.22875,11.75,1.855963542,0.5,1.5,1.855963542,11.64922552,12.5,11.90416667
853,2020,10,3,277,11.7025,11.26625,11.7225,1.873046875,0.5,1.5,1.873046875,11.54621708,12.64583333,12.00416667
861,2020,10,4,278,11.84875,11.30625,11.70125,1.890130208,0.5,1.5,1.890130208,11.61585656,12.32916667,12.07083333
869,2020,10,5,279,12.14875,11.36625,11.68375,1.907213542,0.5,1.5,1.907213542,11.75726226,12.39583333,12
877,2020,10,6,280,12.35375,11.40875,11.67,1.924296875,0.5,1.5,1.924296875,11.85243535,12.26666667,12.0125
885,2020,10,7,281,12.5275,11.59875,11.66375,1.941380208,0.5,1.5,1.941380208,11.9924822,12.45,12.00416667
893,2020,10,8,282,12.7475,11.93875,11.66125,1.958463542,0.5,1.5,1.958463542,12.21127794,12.64166667,12.1
901,2020,10,9,283,12.67625,12.1375,11.67875,1.975546875,0.5,1.5,1.975546875,12.26247239,12.56666667,12.1
909,2020,10,10,284,12.12125,12.32375,11.71125,1.992630208,0.5,1.5,1.992630208,12.11964833,12.61666667,12.1875
917,2020,10,11,285,11.525,12.3125,11.74625,2.009713542,0.5,1.5,2.009713542,11.88425,12.51666667,12.2
925,2020,10,12,286,10.79125,12.21125,11.78,2.016728237,0.5,1.5,2.016728237,11.557,11.85416667,12.13333333
933,2020,10,13,287,10.45125,11.29125,11.80625,1.869357143,0.5,1.5,1.869357143,11.04540272,10.96666667,11.92083333
941,2020,10,14,288,9.73375,10.18625,11.8025,1.671642857,0.5,1.5,1.671642857,10.35000851,10.55,11.63333333
949,2020,10,15,289,8.80625,9.75625,11.75375,1.473928571,0.5,1.460535714,1.473928571,9.455833333,10.14583333,11.33333333
957,2020,10,16,290,8.7975,9.1625,11.6725,1.276214286,0.5,1.276214286,1.276214286,9.3375,9.5625,11.05833333
965,2020,10,17,291,8.2725,8.42125,11.57375,1.0785,0.5,1.0785,1.0785,8.8475,9.125,10.775
973,2020,10,18,292,7.55125,7.65625,11.45625,0.880785714,0.5,0.880785714,0.880785714,8.277285901,9.0625,10.49166667
981,2020,10,19,293,6.440625,6.553958333,11.08520833,0.683071429,0.5,0.683071429,0.683071429,7.446041189,8.908333333,10.28333333
989,2020,10,20,294,7.2025,7.676388889,9.983055556,0.485357143,0.467678571,0.485357143,0.485357143,8.287314815,8.308333333,10.075
997,2020,10,21,295,8.3125,8.884027778,8.991111111,0.320704167,0.320704167,0.320704167,0.320704167,8.729212963,7.683333333,9.845833333
1005,2020,10,22,296,9.60875,9.5,9.36125,0.314745479,0.314745479,0.314745479,0.314745479,9.49,6.616666667,9.429166667
1013,2020,10,23,297,10.26,9.98875,9.9425,0.328623577,0.328623577,0.328623577,0.328623577,10.06375,5.804166667,8.95
1021,2020,10,24,298,9.035,10.015,9.99875,0.342501674,0.342501674,0.342501674,0.342501674,9.682916667,6.983333333,8.545833333
1029,2020,10,25,299,8.248888889,9.445555556,9.455555556,0.357247153,0.357247153,0.357247153,0.357247153,9.05,8.308333333,8.65
1038,2020,10,26,300,8.91625,9.375,9.375,0.371992632,0.371992632,0.371992632,0.371992632,9.222083333,8.320833333,8.925
1046,2020,10,27,301,9.49,9.60125,9.61,0.38587073,0.38587073,0.38587073,0.38587073,9.567083333,6.441666667,8.8375
1054,2020,10,28,302,9.40375,9.74125,9.75375,0.399748828,0.399748828,0.399748828,0.399748828,9.632916667,6.95,8.441666667
1062,2020,10,29,303,9.5275,9.70125,9.7125,0.413626926,0.413626926,0.413626926,0.413626926,9.647083333,8.3875,8.4375
1070,2020,10,30,304,9.03125,9.75375,9.75625,0.427505023,0.427505023,0.427505023,0.427505023,9.51375,8.808333333,8.729166667
1078,2020,10,31,305,8.29375,9.69375,9.69625,0.441383121,0.441383121,0.441383121,0.441383121,9.227916667,8.475,8.9
1086,2020,11,1,306,8.35375,9.545,9.55,0.455261219,0.455261219,0.455261219,0.455261219,9.149583333,7.808333333,8.8625
1094,2020,11,2,307,10.7425,9.55125,9.54625,0.469139317,0.469139317,0.469139317,0.469139317,9.946666667,6.95,8.645833333
1102,2020,11,3,308,10.69625,9.8825,9.91625,0.483017415,0.483017415,0.483017415,0.483017415,10.165,7.025,8.3375
1110,2020,11,4,309,8.43125,10.005,9.96,0.496895512,0.496370563,0.496895512,0.496895512,9.465416667,7.808333333,8.245833333
1118,2020,11,5,310,6.38625,9.2675,9.12875,0.51077361,0.5,0.51077361,0.51077361,7.777201926,8.7875,8.458333333
1126,2020,11,6,311,6.70125,8.75625,8.64375,0.524651708,0.5,0.524651708,0.524651708,7.676581415,9.254166667,8.8
1134,2020,11,7,312,7.31625,8.565,8.52125,0.538529806,0.5,0.538529806,0.538529806,7.906928762,8.15,8.916666667
1142,2020,11,8,313,7.2425,8.64625,8.64625,0.552407904,0.5,0.552407904,0.552407904,7.909422966,7.65,8.7375
1150,2020,11,9,314,6.5275,8.505,8.5075,0.566286001,0.5,0.566286001,0.566286001,7.455370195,7.645833333,8.55
1158,2020,11,10,315,7.58,8.31625,8.44125,0.580164099,0.5,0.580164099,0.580164099,7.949735488,7.425,8.4375
1166,2020,11,11,316,8.71625,8.82875,9.12,0.594042197,0.5,0.594042197,0.594042197,8.834218485,7.641666667,8.4
1174,2020,11,12,317,8.41375,8.955,9.085,0.607920295,0.5,0.607920295,0.607920295,8.687348201,7.383333333,8.329166667
1182,2020,11,13,318,8.0775,8.905,8.945,0.621798392,0.5,0.621798392,0.621798392,8.455241672,6.879166667,8.158333333
1190,2020,11,14,319,8.26125,8.88125,8.87875,0.63567649,0.5,0.63567649,0.63567649,8.533664726,7.020833333,8.029166667
1198,2020,11,15,320,8.21375,8.945,8.92125,0.649554588,0.5,0.649554588,0.649554588,8.526642927,7.045833333,7.979166667
1206,2020,11,16,321,8.6075,8.97625,8.96375,0.663432686,0.5,0.663432686,0.663432686,8.763288987,7.179166667,7.9
1214,2020,11,17,322,9.0625,9.03875,9.065,0.677310784,0.5,0.677310784,0.677310784,9.057987598,7.354166667,7.908333333
1222,2020,11,18,323,9.37,9.15125,9.24875,0.691188881,0.5,0.691188881,0.691188881,9.298642719,7.254166667,7.9375
1230,2020,11,19,324,9.7725,9.30625,9.42625,0.705066979,0.5,0.705066979,0.705066979,9.603940905,8,7.983333333
1238,2020,11,20,325,8.23,9.4175,9.43625,0.718945077,0.5,0.718945077,0.718945077,8.720947058,8.091666667,8.1375
1246,2020,11,21,326,6.5525,9.38875,9.33875,0.732823175,0.5,0.732823175,0.732823175,7.692667567,8.533333333,8.2125
1254,2020,11,22,327,6.54375,9.2625,9.135,0.746701273,0.5,0.746701273,0.746701273,7.608560014,8.258333333,8.4375
1262,2020,11,23,328,6.4825,9.02125,8.855,0.76057937,0.5,0.76057937,0.76057937,7.4565065,5.979166667,8.229166667
1270,2020,11,24,329,6.12875,8.87625,8.72375,0.774457468,0.5,0.774457468,0.774457468,7.176744957,4.8,7.595833333
1278,2020,11,25,330,6.2825,8.60625,8.4775,0.788335566,0.5,0.788335566,0.788335566,7.159358118,5.304166667,7.075
1286,2020,11,26,331,6.97375,8.52625,8.47375,0.802213664,0.5,0.802213664,0.802213664,7.559771343,5.029166667,6.916666667
1294,2020,11,27,332,6.8675,8.54625,8.4725,0.816091762,0.5,0.816091762,0.816091762,7.491269196,4.3875,6.6625
1302,2020,11,28,333,6.375,8.57875,8.575,0.829969859,0.5,0.829969859,0.829969859,7.202791316,5.4,6.420833333
1310,2020,11,29,334,5.63,8.525,8.5,0.843847957,0.5,0.843847957,0.843847957,6.702479958,5.970833333,6.5625
1318,2020,11,30,335,5.53625,8.37,8.37125,0.857726055,0.5,0.857726055,0.857726055,6.580044877,4.754166667,6.6125
1326,2020,12,1,336,5.09875,8.33,8.285,0.871604153,0.5,0.871604153,0.871604153,6.268457016,4.275,6.308333333
1334,2020,12,2,337,5.485,8.14875,8.13375,0.885482251,0.5,0.885482251,0.885482251,6.443601238,4.083333333,6.070833333
1342,2020,12,3,338,5.46,8.0825,8.10625,0.899360348,0.5,0.899360348,0.899360348,6.401278279,3.816666667,5.875
1350,2020,12,4,339,5.43625,8.06,8.05875,0.913238446,0.5,0.913238446,0.913238446,6.364304642,3.908333333,5.670833333
1358,2020,12,5,340,5.5925,7.945,7.9425,0.927116544,0.5,0.927116544,0.927116544,6.41627645,4.008333333,5.595833333
1366,2020,12,6,341,5.925,7.89875,7.9275,0.940994642,0.5,0.940994642,0.940994642,6.614844689,4.045833333,5.5
1374,2020,12,7,342,6.29375,7.88125,7.89375,0.954872739,0.5,0.954872739,0.954872739,6.841478319,4.133333333,5.479166667
1382,2020,12,8,343,6.2875,7.86625,7.83,0.968750837,0.5,0.968750837,0.968750837,6.818776293,4.65,5.454166667
1390,2020,12,9,344,5.97625,7.8375,7.83125,0.982628935,0.5,0.982628935,0.982628935,6.602881842,5.2875,5.595833333
1398,2020,12,10,345,5.56375,7.8025,7.81625,0.996507033,0.5,0.996507033,0.996507033,6.314038823,5.379166667,5.8375
1406,2020,12,11,346,5.22875,7.76375,7.76875,1.010385131,0.5,1.010385131,1.010385131,6.074583333,4.895833333,5.9
1414,2020,12,12,347,5.18,7.705,7.62625,1.024263228,0.5,1.024263228,1.024263228,6.008541667,4.470833333,5.8
1422,2020,12,13,348,5.1825,7.5775,7.48125,1.038141326,0.5,1.038141326,1.038141326,5.964791667,4.35,5.616666667
1430,2020,12,14,349,5.0975,7.5475,7.46125,1.052019424,0.5,1.052019424,1.052019424,5.899791667,4.104166667,5.529166667
1438,2020,12,15,350,4.86625,7.48625,7.43625,1.065897522,0.5,1.065897522,1.065897522,5.73125,4.354166667,5.4
1446,2020,12,16,351,5.02375,7.45,7.39,1.07977562,0.5,1.07977562,1.07977562,5.8225,4.570833333,5.4
1454,2020,12,17,352,5.20125,7.43375,7.34125,1.093653717,0.5,1.093653717,1.093653717,5.93,4.145833333,5.4
1462,2020,12,18,353,6.175,7.39875,7.305,1.107531815,0.5,1.107531815,1.107531815,6.567291667,4.35,5.258333333
1470,2020,12,19,354,7.5775,7.4425,7.425,1.121409913,0.5,1.121409913,1.121409913,7.529583333,4.945833333,5.341666667
1478,2020,12,20,355,6.8275,7.54125,7.54125,1.135288011,0.5,1.135288011,1.135288011,7.065416667,4.575,5.4
1486,2020,12,21,356,6.68,7.60625,7.585,1.149166109,0.5,1.149166109,1.149166109,6.985208333,4.858333333,5.408333333
1494,2020,12,22,357,6.7025,7.6525,7.62,1.163044206,0.5,1.163044206,1.163044206,7.01375,5.016666667,5.5
1502,2020,12,23,358,6.82875,7.7325,7.72125,1.176922304,0.5,1.176922304,1.176922304,7.128125,5.1,5.520833333
1510,2020,12,24,359,6.31875,7.87125,7.8575,1.190800402,0.5,1.190800402,1.190800402,6.833958333,5.425,5.6
1518,2020,12,25,360,5.71,7.97125,7.945,1.2046785,0.5,1.2046785,1.2046785,6.459375,5.175,5.754166667
1526,2020,12,26,361,5.13375,7.9625,7.9525,1.218556597,0.5,1.218556597,1.218556597,6.075,4.95,5.6875
1534,2020,12,27,362,4.7325,7.90625,7.88875,1.232434695,0.5,1.232434695,1.232434695,5.7875,3.441666667,5.516666667
1542,2020,12,28,363,5.06875,7.8175,7.80625,1.246312793,0.5,1.246312793,1.246312793,5.983125,2.870833333,5.05
1550,2020,12,29,364,5.40125,7.7325,7.7025,1.260190891,0.5,1.260190891,1.260190891,6.173333333,2.870833333,4.7375
1558,2020,12,30,365,5.09,7.59125,7.5825,1.274068989,0.5,1.274068989,1.274068989,5.922291667,2.916666667,4.5
1566,2020,12,31,366,4.6925,7.47625,7.43875,1.287947086,0.5,1.287947086,1.287947086,5.614166667,3.25,4.4
1574,2021,1,1,1,4.70625,7.28125,7.25125,1.301825184,0.5,1.301825184,1.301825184,5.559583333,3.575,4.404166667
1582,2021,1,2,2,4.35375,7.19375,7.13625,1.315703282,0.5,1.315703282,1.315703282,5.290833333,3.670833333,4.5
1590,2021,1,3,3,3.6575,7.07375,6.99625,1.32958138,0.5,1.32958138,1.32958138,4.783333333,3.445833333,4.5
1598,2021,1,4,4,3.58125,6.81125,6.86125,1.343459478,0.5,1.343459478,1.343459478,4.66625,3.141666667,4.429166667
1606,2021,1,5,5,3.33875,6.6725,6.7825,1.357337575,0.5,1.357337575,1.357337575,4.468333333,2.9,4.275
1614,2021,1,6,6,2.81,6.37,6.625,1.371215673,0.5,1.371215673,1.371215673,4.039166667,2.733333333,4.145833333
1622,2021,1,7,7,2.4375,6.24625,6.53,1.385093771,0.5,1.385093771,1.385093771,3.754375,2.433333333,4.033333333
1630,2021,1,8,8,3.17875,5.76,6.36375,1.398971869,0.5,1.398971869,1.398971869,4.139791667,2.4375,3.9
1638,2021,1,9,9,3.07625,4.7775,6.23625,1.412849967,0.5,1.412849967,1.412849967,3.886458333,2.116666667,3.8125
1646,2021,1,10,10,2.36,4.89625,6.095,1.426728064,0.5,1.426728064,1.426728064,3.405208333,1.9,3.620833333
1654,2021,1,11,11,2.08125,4.32625,5.99625,1.440606162,0.5,1.440606162,1.440606162,3.107916667,1.9,3.466666667
1662,2021,1,12,12,2.13875,3.9175,5.895,1.45448426,0.5,1.45448426,1.45448426,3.06125,1.841666667,3.4
1670,2021,1,13,13,2.24125,3.62625,5.86375,1.468362358,0.5,1.468362358,1.468362358,3.075833333,1.558333333,3.2875
1678,2021,1,14,14,2.4,3.135,5.62375,1.482240455,0.5,1.482240455,1.482240455,3.059791667,1.429166667,3.154166667
1686,2021,1,15,15,2.79125,3.4,5.515,1.496118553,0.5,1.495787843,1.496118553,3.346666667,1.345833333,3.0375
1694,2021,1,16,16,2.73875,3.67375,5.4225,1.509996651,0.5,1.5,1.509996651,3.643588258,1.029166667,2.933333333
1702,2021,1,17,17,2.57375,3.82625,5.455,1.523874749,0.5,1.5,1.523874749,3.609771683,0.983333333,2.7875
1710,2021,1,18,18,2.38375,3.79875,5.43,1.537752847,0.5,1.5,1.537752847,3.504614722,0.9,2.6125
1718,2021,1,19,19,2.2475,3.7875,5.41375,1.551630944,0.5,1.5,1.551630944,3.433208697,0.9,2.529166667
1726,2021,1,20,20,2.18875,3.8625,5.4275,1.565509042,0.5,1.5,1.565509042,3.431008304,0.9,2.429166667
1734,2021,1,21,21,2.0775,3.5325,5.3775,1.57938714,0.5,1.5,1.57938714,3.276414931,0.9,2.4
1742,2021,1,22,22,2.005,3.38,5.27125,1.593265238,0.5,1.5,1.593265238,3.174877882,0.945833333,2.4
1750,2021,1,23,23,2.01875,3.3025,5.26375,1.607143336,0.5,1.5,1.607143336,3.1586441,1.025,2.333333333
1758,2021,1,24,24,1.90375,3.145,5.1875,1.621021433,0.5,1.5,1.621021433,3.04127639,1.1,2.270833333
1766,2021,1,25,25,1.6175,2.915,5.0675,1.634899531,0.5,1.5,1.634899531,2.811365147,1.1875,2.2
1774,2021,1,26,26,1.495,2.6025,5.09625,1.648777629,0.5,1.5,1.648777629,2.667362459,1.608333333,2.225
1782,2021,1,27,27,1.39125,2.0075,4.8475,1.662655727,0.5,1.5,1.662655727,2.379149537,1.225,2.4
1790,2021,1,28,28,1.035,1.965,4.7725,1.676533825,0.5,1.5,1.676533825,2.182662595,0.916666667,2.2375
1798,2021,1,29,29,1.08,1.61,4.725,1.690411922,0.5,1.5,1.690411922,2.07908985,0.9,2.2
1806,2021,1,30,30,0.77375,1.34625,4.47,1.70429002,0.5,1.5,1.70429002,1.795090666,0.825,2.1125
1814,2021,1,31,31,0.49125,1.20125,4.47625,1.718168118,0.5,1.5,1.718168118,1.619387828,0.6,2.075
1822,2021,2,1,32,0.13125,0.79,4.49375,1.732046216,0.5,1.5,1.732046216,1.324543143,0.6,1.983333333
1830,2021,2,2,33,-0.1175,0.6,4.2925,1.745924313,0.5,1.5,1.745924313,1.102577043,NA,NA
1838,2021,2,3,34,-0.005,0.7075,4.25625,1.759802411,0.5,1.5,1.759802411,1.177397277,NA,NA
1846,2021,2,4,35,-0.1775,0.64,4.26,1.773680509,0.5,1.5,1.773680509,1.076516914,NA,NA
1854,2021,2,5,36,-0.22,0.6425,4.265,1.787558607,0.5,1.5,1.787558607,1.057243472,0.204166667,1.666666667
1862,2021,2,6,37,-0.16375,0.835,4.27,1.801436705,0.5,1.5,1.801436705,1.147304917,0.2,1.6
1870,2021,2,7,38,0.205,0.47125,4.05375,1.815314802,0.5,1.5,1.815314802,1.129907733,0.2,1.570833333
1878,2021,2,8,39,-0.18,0.64875,3.96375,1.8291929,0.5,1.5,1.8291929,1.004559946,0.2,1.5
1886,2021,2,9,40,-0.27,0.7025,3.9975,1.843070998,0.5,1.5,1.843070998,0.99058346,NA,NA
1894,2021,2,10,41,-0.2925,0.71625,4.025,1.856949096,0.5,1.5,1.856949096,0.990174032,0.129166667,1.433333333
1902,2021,2,11,42,-0.405,0.625,4.05,1.870827194,0.5,1.5,1.870827194,0.912874208,0.1,1.4
1910,2021,2,12,43,-0.44125,0.53375,4.05,1.884705291,0.5,1.5,1.884705291,0.862144877,0.1,1.4
1918,2021,2,13,44,-0.3325,0.6625,4.00375,1.898583389,0.5,1.5,1.898583389,0.944176678,0.004166667,1.391666667
1926,2021,2,14,45,0.095,0.2625,3.80625,1.912461487,0.5,1.5,1.912461487,0.927536523,0,1.279166667
1934,2021,2,15,46,-0.52125,0.415,3.75875,1.926339585,0.5,1.5,1.926339585,0.718183035,0,1.2
1942,2021,2,16,47,-0.68875,0.24375,3.765,1.940217683,0.5,1.5,1.940217683,0.583115216,0,1.2
1950,2021,2,17,48,-0.785,0.3975,3.775,1.95409578,0.5,1.5,1.95409578,0.603787792,-0.008333333,1.2
1958,2021,2,18,49,-0.78875,0.66625,3.77875,1.967973878,0.5,1.5,1.967973878,0.707275556,NA,NA
1966,2021,2,19,50,-0.71125,0.4425,3.77,1.981851976,0.5,1.5,1.981851976,0.647991707,NA,NA
1974,2021,2,20,51,-0.6975,0.59875,3.71875,1.995730074,0.5,1.5,1.995730074,0.704430499,-0.241666667,1.1
1982,2021,2,21,52,-0.51625,1.64375,3.69,2.009608171,0.5,1.5,2.009608171,1.189,-0.354166667,1.029166667
1990,2021,2,22,53,-0.6725,1.80625,3.6825,2.023486269,0.5,1.5,2.023486269,1.19,-0.216666667,1
1998,2021,2,23,54,-0.75125,1.43625,3.72625,2.037364367,0.5,1.5,2.037364367,1.01925,-0.129166667,1
2006,2021,2,24,55,-0.5,0.9875,3.78625,2.051242465,0.5,1.5,2.051242465,0.95225,-0.1,1
2014,2021,2,25,56,0.7175,0.96875,3.8275,2.065120563,0.5,1.5,2.065120563,1.44,-0.1,1
2022,2021,2,26,57,1.5875,1.20375,3.835,2.07899866,0.5,1.5,2.07899866,1.8835,-0.1,1
2030,2021,2,27,58,2.2925,1.5575,3.85125,2.092876758,0.5,1.5,2.092876758,2.31025,-0.041666667,1
2038,2021,2,28,59,2.14,1.79,3.87875,2.106754856,0.5,1.5,2.106754856,2.34775,0.170833333,1
2046,2021,3,1,60,2.235,2.295,3.8575,2.120632954,0.5,1.5,2.120632954,2.5835,0.729166667,1.004166667
2054,2021,3,2,61,2.46625,2.4525,3.17625,2.134511052,0.5,1.5,2.134511052,2.60275,0.6625,1.1
2062,2021,3,3,62,2.5375,3.07375,2.50375,2.148389149,0.5,1.5,2.148389149,2.74525,0.833333333,1.133333333
2070,2021,3,4,63,2.56375,3.20875,2.65625,2.162267247,0.5,1.5,2.162267247,2.84025,0.7875,1.2
2078,2021,3,5,64,2.01625,2.6,2.98125,2.176145345,0.5,1.5,2.176145345,2.44275,1.041666667,1.341666667
2086,2021,3,6,65,1.62,2.37,3.25,2.190023443,0.5,1.5,2.190023443,2.246,0.9875,1.408333333
2094,2021,3,7,66,1.28375,2.24625,3.35875,2.203901541,0.5,1.5,2.203901541,2.08375,0.8375,1.5
2102,2021,3,8,67,1.47125,2.37625,3.44375,2.217779638,0.5,1.5,2.217779638,2.22775,0.483333333,1.495833333
2110,2021,3,9,68,1.67125,2.12,3.33875,2.231657736,0.5,1.5,2.231657736,2.18425,0.3875,1.4
2118,2021,3,10,69,1.095,1.8025,3.21,2.245535834,0.5,1.5,2.245535834,1.801,0.2625,1.395833333
2126,2021,3,11,70,1.20125,1.88625,3.1925,2.259413932,0.5,1.5,2.259413932,1.8735,0.220833333,1.295833333
2134,2021,3,12,71,1.4775,2.10625,3.2175,2.273292029,0.5,1.5,2.273292029,2.077,0.183333333,1.2
2142,2021,3,13,72,1.835,2.04125,3.075,2.287170127,0.5,1.5,2.287170127,2.1655,0.104166667,1.2
2150,2021,3,14,73,2.03625,2.10875,2.67875,2.301048225,0.5,1.5,2.301048225,2.19375,0.1,1.2
2158,2021,3,15,74,2.02875,2.115,2.785,2.314926323,0.5,1.5,2.314926323,2.2145,0.1,1.1125
2166,2021,3,16,75,1.98625,2.09,2.90375,2.328804421,0.5,1.5,2.328804421,2.21125,0.1375,1.1
2174,2021,3,17,76,2.01625,2.105,3.00875,2.342682518,0.5,1.5,2.342682518,2.25025,0.166666667,1.1
2182,2021,3,18,77,1.96,2.38125,2.9475,2.356560616,0.5,1.5,2.356560616,2.326,0.3625,1.1
2190,2021,3,19,78,1.8725,2.51375,3.0075,2.370438714,0.5,1.5,2.370438714,2.356,0.429166667,1.1
2198,2021,3,20,79,1.6375,2.14375,3.1175,2.384316812,0.5,1.5,2.384316812,2.136,0.445833333,1.175
2206,2021,3,21,80,2.15,1.96875,3.20125,2.39819491,0.5,1.5,2.39819491,2.28775,0.358333333,1.2
2214,2021,3,22,81,2.34,2.0575,3.27,2.412073007,0.5,1.5,2.412073007,2.413,0.220833333,1.2
2222,2021,3,23,82,2.47,2.27625,3.27875,2.425951105,0.5,1.5,2.425951105,2.55425,0.279166667,1.145833333
2230,2021,3,24,83,2.79625,2.5075,2.815,2.439829203,0.5,1.5,2.439829203,2.6845,0.541666667,1.108333333
2238,2021,3,25,84,3.045,2.735,2.5925,2.453707301,0.5,1.5,2.453707301,2.8305,0.883333333,1.2
2246,2021,3,26,85,3.14,3.14625,2.72125,2.467585399,0.5,1.5,2.467585399,3.05875,1.6375,1.3625
2254,2021,3,27,86,3.355,3.24875,2.855,2.481463496,0.5,1.5,2.481463496,3.2125,2.554166667,1.695833333
2262,2021,3,28,87,3.371428571,3.308571429,2.967142857,2.494474213,0.5,1.5,2.494474213,3.265428571,3.091666667,2.066666667
2269,2021,3,29,88,3.415,3.44875,3.09375,2.50748493,0.5,1.5,2.5,3.363442548,3.270833333,2.3875
2277,2021,3,30,89,3.79,3.56875,3.21375,2.521363027,0.5,1.5,2.5,3.583093879,3.729166667,2.675
2285,2021,3,31,90,4.42875,3.6875,3.26,2.535241125,0.5,1.5,2.5,3.889624529,3.7875,2.95
2293,2021,4,1,91,3.94,3.81125,3.3475,2.549119223,0.5,1.5,2.5,3.761858807,4.066666667,3.108333333
2301,2021,4,2,92,4.2475,3.97,3.47875,2.562997321,0.5,1.5,2.5,3.970361907,5.25,3.383333333
2309,2021,4,3,93,4.1975,4.075,3.61625,2.576875419,0.5,1.5,2.5,4.019839554,5.425,3.85
2317,2021,4,4,94,4.34625,4.1525,3.725,2.590753516,0.5,1.5,2.5,4.129805009,4.3375,4.029166667
2325,2021,4,5,95,4.45125,4.19875,3.805,2.604631614,0.5,1.5,2.5,4.204288711,3.8375,3.916666667
2333,2021,4,6,96,4.50125,4.19125,3.94375,2.618509712,0.5,1.5,2.5,4.251176777,3.875,3.8
2341,2021,4,7,97,4.875,4.18625,4.005,2.63238781,0.5,1.5,2.5,4.404352252,3.9875,3.8
2349,2021,4,8,98,4.4125,4.21625,4.07625,2.646265908,0.5,1.5,2.5,4.256220576,3.833333333,3.85
2357,2021,4,9,99,4.3275,4.29375,4.14125,2.660144005,0.5,1.5,2.5,4.26859273,3.033333333,3.725
2365,2021,4,10,100,4.23125,4.25625,4.2,2.674022103,0.5,1.5,2.5,4.232722243,3.366666667,3.558333333
2373,2021,4,11,101,4.3575,4.36,4.265,2.687900201,0.5,1.5,2.5,4.334757054,2.670833333,3.508333333
2381,2021,4,12,102,4.4525,4.61,4.3425,2.701778299,0.5,1.5,2.5,4.482222789,3.0625,3.4
2389,2021,4,13,103,4.58875,4.5625,4.50875,2.715656397,0.5,1.5,2.5,4.558001444,3.25,3.4
2397,2021,4,14,104,4.67375,4.6825,4.5975,2.729534494,0.5,1.5,2.5,4.656576007,3.054166667,3.4
2405,2021,4,15,105,4.72625,4.7175,4.67,2.743412592,0.5,1.5,2.5,4.707817862,3.1875,3.4
2413,2021,4,16,106,5.0325,4.87875,4.71,2.75729069,0.5,1.5,2.5,4.888164022,3.108333333,3.4
2421,2021,4,17,107,4.96,5.11125,4.86,2.771168788,0.5,1.5,2.5,4.986751572,2.670833333,3.375
2429,2021,4,18,108,5.45875,5.295,5.02875,2.785046885,0.5,1.5,2.5,5.278745791,2.504166667,3.204166667
2437,2021,4,19,109,5.53625,5.68375,5.2375,2.798924983,0.5,1.5,2.5,5.503673622,2.625,3.141666667
2445,2021,4,20,110,6.12875,5.93125,5.46625,2.812803081,0.5,1.5,2.5,5.867095693,3.258333333,3.133333333
2453,2021,4,21,111,6.4575,6.18,5.51125,2.826681179,0.5,1.5,2.5,6.082591406,3.55,3.304166667
2461,2021,4,22,112,6.3225,6.4125,6.43875,2.840559277,0.5,1.5,2.5,6.388583823,3.6875,3.470833333
2469,2021,4,23,113,6.22125,6.34125,6.48875,2.854437374,0.5,1.5,2.5,6.34336233,4.070833333,3.591666667
2477,2021,4,24,114,6.2825,6.27375,6.36625,2.868315472,0.5,1.5,2.5,6.304802784,4.479166667,3.816666667
2485,2021,4,25,115,6.1025,6.18375,6.26125,2.88219357,0.5,1.5,2.5,6.179281182,4.020833333,3.9875
2493,2021,4,26,116,5.97125,6.0825,6.18625,2.86375,0.5,1.5,2.5,6.074944893,3.5375,3.9375
2501,2021,4,27,117,5.98375,5.99375,6.07,2.80375,0.5,1.5,2.5,6.012041908,3.275,3.858333333
2509,2021,4,28,118,5.969758584,5.128637339,5.101695279,2.74375,0.5,1.5,2.5,5.427893134,3.033333333,3.741666667
2517,2021,4,29,119,6.010858369,4.713733906,4.694527897,2.68375,0.5,1.5,2.5,5.192166083,2.970833333,3.6
2525,2021,4,30,120,6.049313305,4.849012876,4.849377682,2.62375,0.5,1.5,2.5,5.306574754,2.8625,3.541666667
2533,2021,5,1,121,6.08776824,4.984291845,5.004227468,2.56375,0.5,1.5,2.5,5.41909052,3.179166667,3.5
2541,2021,5,2,122,6.126223176,5.119570815,5.159077253,2.50375,0.5,1.5,2.494375,5.529577297,3.504166667,3.583333333
2549,2021,5,3,123,6.164678112,5.254849785,5.313927039,2.44375,0.5,1.5,2.44375,5.630596567,3.283333333,3.6
2557,2021,5,4,124,6.203133047,5.390128755,5.468776824,2.38375,0.5,1.5,2.38375,5.731060086,3.416666667,3.604166667
2565,2021,5,5,125,6.241587983,5.525407725,5.623626609,2.32375,0.5,1.5,2.32375,5.831523605,4.05,3.7625
2573,2021,5,6,126,6.280042918,5.660686695,5.778476395,2.26375,0.5,1.5,2.26375,5.931987124,4.333333333,3.916666667
2581,2021,5,7,127,6.318497854,5.795965665,5.93332618,2.20375,0.5,1.5,2.20375,6.032450644,4.758333333,4.104166667
2589,2021,5,8,128,6.35695279,5.931244635,6.088175966,2.14375,0.5,1.5,2.14375,6.132914163,4.629166667,4.3125
2597,2021,5,9,129,6.395407725,6.066523605,6.243025751,2.08375,0.5,1.5,2.08375,6.233377682,4.345833333,4.345833333
2605,2021,5,10,130,6.433862661,6.201802575,6.397875536,2.02375,0.5,1.5,2.02375,6.333841202,4.2875,4.3
2613,2021,5,11,131,6.472317597,6.337081545,6.552725322,1.96375,0.5,1.5,1.96375,6.435735199,4.4125,4.3125
2621,2021,5,12,132,6.510772532,6.472360515,6.707575107,1.90375,0.5,1.5,1.90375,6.537267146,4.729166667,4.4
2629,2021,5,13,133,6.549227468,6.607639485,6.862424893,1.84375,0.5,1.5,1.84375,6.637071245,5.8625,4.575
2637,2021,5,14,134,6.587682403,6.742918455,7.017274678,1.78375,0.5,1.5,1.78375,6.735011311,7.283333333,5.0125
2645,2021,5,15,135,6.626137339,6.878197425,7.172124464,1.72375,0.5,1.5,1.72375,6.830936462,8.229166667,5.641666667
2653,2021,5,16,136,6.664592275,7.013476395,7.326974249,1.66375,0.5,1.5,1.66375,6.924679079,8.941666667,6.175
2661,2021,5,17,137,6.70304721,7.148755365,7.481824034,1.60375,0.5,1.5,1.60375,7.01605242,9.229166667,6.729166667
2669,2021,5,18,138,6.741502146,7.284034335,7.63667382,1.54375,0.5,1.5,1.54375,7.104847817,9.025,7.045833333
2677,2021,5,19,139,6.779957082,7.419313305,7.791523605,1.48375,0.5,1.4821875,1.48375,7.055110873,9.008333333,7.1875
2685,2021,5,20,140,6.818412017,7.554592275,7.946373391,1.42375,0.5,1.42375,1.42375,7.129102289,9.05,7.370833333
2693,2021,5,21,141,6.856866953,7.689871245,8.101223176,1.36375,0.5,1.36375,1.36375,7.203093705,9.179166667,7.483333333
2701,2021,5,22,142,6.895321888,7.825150215,8.256072961,1.30375,0.5,1.30375,1.30375,7.277085122,9.395833333,7.625
2709,2021,5,23,143,6.933776824,7.960429185,8.410922747,1.24375,0.5,1.24375,1.24375,7.351076538,9.908333333,7.875
2717,2021,5,24,144,6.97223176,8.095708155,8.565772532,1.18375,0.5,1.18375,1.18375,7.425067954,9.720833333,8.083333333
2725,2021,5,25,145,7.010686695,8.230987124,8.720622318,1.12375,0.5,1.12375,1.12375,7.499059371,9.708333333,8.1875
2733,2021,5,26,146,7.049141631,8.366266094,8.875472103,1.06375,0.5,1.06375,1.06375,7.573050787,9.625,8.2625
2741,2021,5,27,147,7.080386266,8.476180258,9.001287554,1.015,0.5,1.015,1.015,7.633168813,9.358333333,8.254166667
