Date ID,Year,Month,Day,DOY,Temperature.C,Depth.cm,Volume.m3,Evaporation.cm,Precipitation.cm,total radiation,snow depth,temp.05,temp.15,temp.25,In.M.temp,Solar absorb
19161,2022,06,18,169,15.89976675,60,188.4955592,0.078501977,0,40739.99055,0,11.03601217,10.13686277,10.13686277,11.81109137,0.51
19162,2022,06,19,170,17.24271933,59.92149802,188.248938,0.275100636,0.01,51938.83936,0,11.19841493,10.37928596,10.37928596,11.82103963,0.51
19163,2022,06,20,171,17.78441887,59.65639739,187.4160998,0.348593193,0,51115.6231,0,11.48972619,10.6043678,10.6043678,11.83074459,0.51
19164,2022,06,21,172,16.67194547,59.30780419,186.320962,0.637271466,0,55843.33722,0,11.96346783,10.93076815,10.93076815,11.84020339,0.51
19165,2022,06,22,173,15.22821261,58.67053273,184.3189146,0.447327286,0.01,38253.30756,0,12.22894079,11.35129636,11.35129636,11.84941321,0.51
19166,2022,06,23,174,17.71522669,65.10085025,204.5203529,0.113439772,0,45943.27681,0,13.37296744,11.66738869,11.66738869,11.85837134,0.51
19167,2022,06,24,175,19.08451119,64.98741047,204.1639713,0.2716665,0,54929.08344,0,13.46809197,11.86403091,11.86403091,11.86707511,0.51
19168,2022,06,25,176,19.68967068,64.71574397,203.3105058,0.332161431,0,52725.92304,0,13.67287766,12.03952172,12.03952172,11.87552195,0.51
19169,2022,06,26,177,19.13871705,64.38358254,202.2669899,0.572459999,0,54331.96809,0,13.75724559,12.27921782,12.27921782,11.88370935,0.51
19170,2022,06,27,178,18.73348132,63.81112254,200.4685538,0.395218543,0,44763.27802,0,14.25274771,12.61556972,12.61556972,11.89163489,0.51
19171,2022,06,28,179,18.17057223,70.2835488,220.8022806,0.372515076,0,35735.072,0,15.12664038,12.81786747,12.81786747,11.89929622,0.51
19172,2022,06,29,180,17.89521969,69.91103373,219.63199,0.261022561,0.39,29963.55358,0,15.37778506,13.04049765,13.04049765,11.90669107,0.51
19173,2022,06,30,181,16.22883163,70.04001117,220.0371845,0.299478784,0.38,20791.67982,0,15.52324514,13.24783083,13.24783083,11.91381725,0.51
19174,2022,07,01,182,15.54348752,70.12053238,220.2901494,0.308707088,0.05,24613.59476,0,15.57630147,13.42138714,13.42138714,11.92067264,0.51
19175,2022,07,02,183,15.76581397,69.8618253,219.4773971,0.151195037,0.2,31060.18544,0,15.48865133,13.55035907,13.55035907,11.92725522,0.51
19176,2022,07,03,184,15.0648669,76.77827506,241.2060649,0.434679408,0,38511.90574,0,15.39915924,13.44701402,13.44701402,11.93356303,0.51
19177,2022,07,04,185,15.03708317,76.34359566,239.8404793,0.118619767,0.59,20225.64161,0,15.20064261,13.40486843,13.40486843,11.93959421,0.51
19178,2022,07,05,186,15.31934517,76.81497589,241.3213639,0.065242222,2.24,20773.80363,0,14.97781924,13.34503945,13.34503945,11.94534697,0.51
19179,2022,07,06,187,13.2670392,78.98973367,248.153567,0.495808176,0.13,25216.41208,0,14.85458726,13.24947322,13.24947322,11.9508196,0.51
19180,2022,07,07,188,13.36637961,78.62392549,247.0043467,0.326428961,0.08,32623.30604,0,14.70932041,13.18440862,13.18440862,11.95601048,0.51
19181,2022,07,08,189,13.12394907,85.24514133,267.8055098,0.229092269,0.49,25898.08688,0,14.32833017,13.03358919,13.03358919,11.96091807,0.51
19182,2022,07,09,190,14.70732798,85.50604906,268.6251756,0.243465547,0,47342.617,0,14.03897944,12.93861156,12.93861156,11.96554092,0.51
19183,2022,07,10,191,13.95585646,85.26258352,267.860306,0.151988937,0.23,19775.12412,0,13.82376293,12.84583498,12.84583498,11.96987767,0.51
19184,2022,07,11,192,14.38047815,85.34059458,268.105385,0.138587276,0.19,24735.45671,0,13.7800214,12.7479597,12.7479597,11.97392701,0.51
19185,2022,07,12,193,15.04494707,85.3920073,268.2669028,0.105469456,0.17,31659.57761,0,13.78511805,12.66136348,12.66136348,11.97768776,0.51
19186,2022,07,13,194,14.94927638,92.32418265,290.044974,0.230215807,0.07,32376.46772,0,13.81567208,12.54542165,12.54542165,11.98115881,0.51
19187,2022,07,14,195,14.67267806,92.16396685,289.5416412,0.163708175,0.03,23069.43737,0,13.97127161,12.48183488,12.48183488,11.98433911,0.51
19188,2022,07,15,196,14.66573132,92.03025867,289.1215845,0.169453999,0.05,24293.48082,0,14.13454579,12.44098255,12.44098255,11.98722773,0.51
19189,2022,07,16,197,16.74037818,91.91080467,288.7463087,0.034503537,0.06,39657.92978,0,14.23954122,12.42046387,12.42046387,11.98982382,0.51
19190,2022,07,17,198,16.49889522,91.93630113,288.8264082,0.335998947,0,42024.74673,0,14.34135341,12.41468783,12.41468783,11.99212659,0.51
19191,2022,07,18,199,16.70930526,98.46794699,309.3461789,0.220616774,0.02,33480.37514,0,14.77494745,12.38075154,12.38075154,11.99413538,0.51
19192,2022,07,19,200,17.00524126,98.26733022,308.7159227,0.209407728,0.07,33296.94883,0,15.15914591,12.37673725,12.37673725,11.99584959,0.51
19193,2022,07,20,201,16.19626414,98.12792249,308.2779604,0.205808503,0.34,21844.65325,0,15.51896609,12.39448615,12.39448615,11.99726871,0.51
19194,2022,07,21,202,15.25752651,98.26211399,308.6995354,0.249108441,0.03,21822.12648,0,15.81582106,12.43115949,12.43115949,11.99839231,0.51
19195,2022,07,22,203,15.08879314,98.04300555,308.011186,0.480210145,0.12,43493.94948,0,15.95807332,12.48708492,12.48708492,11.99922007,0.51
19196,2022,07,23,204,14.81516709,104.5504402,328.4548949,0.486577342,0,43045.02586,0,15.97419431,12.50801936,12.50801936,11.99975173,0.51
19197,2022,07,24,205,14.79378064,104.0638629,326.9262671,0.42183059,0,38782.25079,0,15.79022802,12.55252482,12.55252482,11.99998715,0.51
19198,2022,07,25,206,15.36120809,103.6420323,325.6010472,0.277767206,0.03,37505.17097,0,15.6106568,12.59969685,12.59969685,11.99992625,0.51
19199,2022,07,26,207,15.46898405,103.3942651,324.8226636,0.359749982,0,37999.79872,0,15.47080341,12.63983094,12.63983094,11.99956905,0.51
19200,2022,07,27,208,15.97107448,103.0345151,323.6924757,0.107465629,0.57,34318.20541,0,15.42940231,12.67189672,12.67189672,11.99891566,0.51
19201,2022,07,28,209,15.19521321,110.3646943,346.7209127,0.17279691,0.35,18322.36508,0,15.5089005,12.64186349,12.64186349,11.99796627,0.51
19202,2022,07,29,210,15.06878253,110.5418974,347.2776126,0.236504172,0.2,25593.14144,0,15.68647508,12.63567425,12.63567425,11.99672116,0.51
19203,2022,07,30,211,15.57619126,110.5053932,347.1629314,0.051969838,1.63,23319.26905,0,15.71706922,12.63537941,12.63537941,11.99518069,0.51
19204,2022,07,31,212,15.3476448,112.0834233,352.1204594,0.224157287,0.01,25419.53855,0,15.6366182,12.62914087,12.62914087,11.99334534,0.51
19205,2022,08,01,213,15.85627832,111.8692661,351.4476644,0.138034673,0,30567.58388,0,15.68676043,12.6339956,12.6339956,11.99121563,0.51
19206,2022,08,02,214,14.56282568,118.5988762,372.5893581,0.297133179,0,13339.45487,0,15.80115642,12.60147826,12.60147826,11.98879221,0.51
19207,2022,08,03,215,14.45036417,118.301743,371.6558867,0.24216841,0,23403.55841,0,15.89572284,12.59654925,12.59654925,11.98607579,0.51
19208,2022,08,04,216,14.64122336,118.0595746,370.8950922,0.160610672,0,24365.5703,0,15.7449121,12.5980323,12.5980323,11.98306717,0.51
19209,2022,08,05,217,13.72459098,117.8989639,370.3905189,0.332452318,0,15933.11205,0,15.52499212,12.60296648,12.60296648,11.97976724,0.51
19210,2022,08,06,218,14.38082416,117.5665116,369.3460892,0,0.05,12287.54241,0,15.29470701,12.61126565,12.61126565,11.97617699,0.51
19211,2022,08,07,219,15.5286729,124.4841564,391.0785113,0.042415667,0.04,27398.47786,0,14.84682128,12.58055759,12.58055759,11.97229748,0.51
19212,2022,08,08,220,15.78890425,124.4817407,391.0709222,0.213068528,0.04,28751.42157,0,14.80301061,12.57187075,12.57187075,11.96812986,0.51
19213,2022,08,09,221,15.28523867,124.3086722,390.5272114,0.264077418,0.05,26904.69155,0,15.06290457,12.56566512,12.56566512,11.96367535,0.51
19214,2022,08,10,222,14.94316217,124.0945948,389.8546674,0.315507347,0,29642.68777,0,15.42115925,12.55871051,12.55871051,11.95893529,0.51
19215,2022,08,11,223,14.35927304,123.7790875,388.8634718,0.284991981,0,25000.50807,0,15.61517733,12.55146164,12.55146164,11.95391108,0.51
19216,2022,08,12,224,14.78182024,130.3617403,409.5434856,0.16503896,0,23884.65476,0,15.61927799,12.51315327,12.51315327,11.9486042,0.51
19217,2022,08,13,225,14.85011211,130.1967013,409.0250004,0.191506305,0,24953.66313,0,15.41639755,12.49849076,12.49849076,11.94301623,0.51
19218,2022,08,14,226,15.62836415,130.005195,408.4233656,0.00074582,0.01,22406.02147,0,15.35502755,12.49053094,12.49053094,11.93714883,0.51
19219,2022,08,15,227,16.06661117,130.0144492,408.4524384,0.102132937,0,27110.09814,0,15.4744346,12.48591214,12.48591214,11.93100372,0.51
19220,2022,08,16,228,16.01668405,129.9123163,408.1315784,0.147038894,0,27639.96288,0,15.80672159,12.48396286,12.48396286,11.92458274,0.51
19221,2022,08,17,229,16.36248328,136.6329222,429.2449845,0.047313679,0,21912.90362,0,15.9956027,12.45430192,12.45430192,11.91788779,0.51
19222,2022,08,18,230,16.32632147,136.5856085,429.0963442,0.096647511,0.04,20602.35478,0,16.33785451,12.44414863,12.44414863,11.91092085,0.51
19223,2022,08,19,231,16.31495517,136.528961,428.9183808,0.152626947,0.09,23659.61487,0,16.66451841,12.43833513,12.43833513,11.90368398,0.51
19224,2022,08,20,232,15.76798676,136.466334,428.7216324,0.149150543,0.01,13966.3302,0,16.92290659,12.43610831,12.43610831,11.89617933,0.51
19225,2022,08,21,233,15.82400108,136.3271835,428.2844781,0.053559756,0.09,16877.37387,0,17.06624182,12.43814597,12.43814597,11.88840912,0.51
19226,2022,08,22,234,15.53704924,143.2312685,449.974301,0.071246302,0.22,10811.73662,0,17.20424212,12.41625219,12.41625219,11.88037566,0.51
19227,2022,08,23,235,14.6689444,143.3800222,450.4416245,0.314881819,0.08,16672.85905,0,17.13606809,12.41508098,12.41508098,11.87208132,0.51
19228,2022,08,24,236,14.06036318,143.1451404,449.7037215,0.222246353,0.04,12870.10728,0,16.94157631,12.42135871,12.42135871,11.86352857,0.51
19229,2022,08,25,237,13.58908951,142.9628941,449.1311777,0.293926418,0,18554.77892,0,16.49256706,12.43214226,12.43214226,11.85471993,0.51
19230,2022,08,26,238,13.11446244,142.6689676,448.2077806,0.183826923,0,12394.94904,0,15.86586694,12.44681744,12.44681744,11.84565802,0.51
19231,2022,08,27,239,12.96666358,149.3527855,469.2056138,0.196496959,0,17663.96468,0,15.04891118,12.43476432,12.43476432,11.83634553,0.51
19232,2022,08,28,240,12.6190028,149.1562886,468.5883004,0.162553227,0,11897.05413,0,14.44274573,12.44195535,12.44195535,11.82678521,0.51
19233,2022,08,29,241,12.68306086,148.9937353,468.0776244,0.072334967,0.95,9350.554006,0,13.9209105,12.45154109,12.45154109,11.81697989,0.51
19234,2022,08,30,242,12.94551142,149.8714004,470.8348904,0.049948882,0.32,13534.85366,0,13.45046438,12.45676569,12.45676569,11.80693249,0.51
19235,2022,08,31,243,12.25925955,150.1414515,471.683281,0.243009918,0.51,13919.89287,0,13.16238262,12.46155794,12.46155794,11.79664597,0.51
19236,2022,09,01,244,12.88730324,157.2760864,494.0973975,0.188075591,0.06,26788.46803,0,12.56141978,12.54931722,12.43584109,11.78612339,0.51
19237,2022,09,02,245,12.68098686,157.1480108,493.6950362,0.139571115,0.17,13301.33657,0,12.35954942,12.54252124,12.42819244,11.77536787,0.51
19238,2022,09,03,246,13.31429312,157.1784397,493.7906314,0,0.08,12566.16645,0,12.33054745,12.53158942,12.4190731,11.76438259,0.51
19239,2022,09,04,247,13.27060217,157.2584397,494.0419588,0.036809541,0.02,11989.49306,0,12.43172305,12.5173693,12.40742995,11.7531708,0.51
19240,2022,09,05,248,13.51692714,157.2416301,493.98915,0.179528313,0.07,24774.61829,0,12.73722707,12.50040908,12.39339935,11.74173584,0.51
19241,2022,09,06,249,12.96900435,163.9997466,515.2203992,0.233412708,0.15,18085.60851,0,12.97599329,12.55391959,12.35321533,11.73008108,0.51
19242,2022,09,07,250,13.6098189,163.9163339,514.9583504,0.129206328,0.01,26694.424,0,13.196687,12.52851329,12.32993605,11.71820998,0.51
19243,2022,09,08,251,13.35266567,163.7971276,514.5838527,0.194102398,0.56,16739.0743,0,13.28380278,12.50034399,12.306689,11.70612606,0.51
19244,2022,09,09,252,13.02444825,164.1630252,515.7333539,0.077947924,0.1,11130.69202,0,13.43669556,12.56355124,12.28146934,11.6938329,0.51
19245,2022,09,10,253,12.86303394,164.1850773,515.8026325,0.34041885,0,29442.73783,0,13.49389305,12.53091632,12.25668672,11.68133414,0.51
19246,2022,09,11,254,12.53496623,170.7123032,536.3085177,0.285645028,0,19586.43359,0,13.32285475,12.55416582,12.21348838,11.66863349,0.51
19247,2022,09,12,255,11.84477748,170.4266582,535.4111373,0.223839264,0.49,10189.31364,0,13.17088909,12.44227599,12.18685982,11.65573471,0.51
19248,2022,09,13,256,12.02404499,170.6928189,536.2473059,0.288266317,0,21850.74733,0,12.55958298,12.49545038,12.16059289,11.64264162,0.51
19249,2022,09,14,257,12.28969715,170.4045526,535.3416906,0.000624235,0,10134.96612,0,12.45197569,12.38649464,12.13697514,11.6293581,0.51
19250,2022,09,15,258,12.46034749,170.4039284,535.3397295,0,0,9822.67739,0,12.18739149,12.36056301,12.11397786,11.61588809,0.51
19251,2022,09,16,259,11.66681601,177.2715732,556.915072,0.231499902,0,10338.85944,0,11.91199429,12.38736595,12.07576375,11.60223558,0.51
19252,2022,09,17,260,11.02700254,177.0400733,556.1877936,0.469641948,0,20596.92961,0,11.89934145,12.36635793,12.05251869,11.58840461,0.51
19253,2022,09,18,261,11.57722572,176.5704313,554.7123699,0.173731878,0,23728.17276,0,11.47036523,12.34530065,12.03154059,11.57439929,0.51
19254,2022,09,19,262,12.00237313,176.3966994,554.1665751,0.163592884,0,26396.73515,0,10.96134572,12.32233181,12.01107941,11.56022376,0.51
19255,2022,09,20,263,11.42285455,176.2331066,553.6526329,0.16886448,0.03,11441.56873,0,10.90138959,12.29877529,11.99114919,11.54588222,0.51
19256,2022,09,21,264,11.79368624,182.9618869,574.7917197,0.062231464,0,14043.66911,0,10.97308363,12.31887444,11.95723444,11.53137893,0.51
19257,2022,09,22,265,11.61408746,182.8996554,574.5962138,0.198368237,0,13871.99296,0,10.91108951,12.29471582,11.93506211,11.51671817,0.51
19258,2022,09,23,266,12.22750441,182.7012872,573.9730216,0.082062169,0.01,17265.64023,0,10.95093877,12.26940078,11.91393569,11.50190431,0.51
19259,2022,09,24,267,12.24593922,182.629225,573.7466316,0.078470717,0.05,12813.12968,0,11.05484001,12.24202373,11.89292405,11.48694171,0.51
19260,2022,09,25,268,12.13215286,182.6007543,573.6571882,0.129155352,0.03,15229.03385,0,11.34139294,12.21320582,11.87182118,11.47183483,0.51
19261,2022,09,26,269,12.36189927,189.3692438,594.921025,0,1.03,9432.948254,0,11.578361,12.21422913,11.83851439,11.45658813,0.51
19262,2022,09,27,270,12.65056078,190.3992438,598.1568654,0,0,12044.29085,0,11.75710769,12.18057449,11.81350574,11.44120613,0.51
19263,2022,09,28,271,12.60164506,190.3992438,598.1568654,0.040089691,0.01,10357.26099,0,11.99639944,12.15042128,11.79045876,11.4256934,0.51
19264,2022,09,29,272,12.29658235,190.3691541,598.0623359,0.00985283,0.05,7287.184624,0,12.27763128,12.11993822,11.76777881,11.41005452,0.51
19265,2022,09,30,273,12.27165409,190.4093012,598.1884619,0.054525067,0.02,11794.22207,0,12.46824994,12.08929283,11.74515192,11.39429414,0.51
19266,2022,10,01,274,11.78564823,197.242421,619.6553407,0.106352363,0.02,7205.064824,0,12.60119138,12.07579322,11.71268494,11.37841692,0.51
19267,2022,10,02,275,12.19631124,197.1560686,619.3840567,0.059925584,0.03,14093.85925,0,12.41160899,12.04946193,11.68931086,11.36242756,0.51
19268,2022,10,03,276,11.7932621,197.126143,619.2900427,0.099149754,0,7014.653056,0,12.19087207,12.02429907,11.66670059,11.34633081,0.51
19269,2022,10,04,277,11.80394105,197.0269933,618.9785546,0.008160178,0.04,6582.347755,0,12.08777987,12.00086527,11.64487544,11.33013143,0.51
19270,2022,10,05,278,12.19290774,197.0588331,619.0785824,0.106156468,0.2,17333.68332,0,11.92378092,11.97862563,11.62352724,11.31383423,0.51
19271,2022,10,06,279,12.05216673,204.0203214,640.948743,0,0.95,6351.582084,0,11.90711288,11.97073428,11.59410784,11.29744403,0.51
19272,2022,10,07,280,11.88319999,204.9703214,643.933256,0.059097066,0.25,7865.598669,0,12.05634786,11.95196938,11.57184345,11.2809657,0.51
19273,2022,10,08,281,11.66700112,205.1612244,644.5329953,0.125666756,0,7571.773936,0,12.07770071,11.93664662,11.55147264,11.2644041,0.51
19274,2022,10,09,282,11.08213796,205.0355576,644.1382015,0.228351257,0.32,8079.853129,0,11.96178678,11.92282334,11.53245495,11.24776416,0.51
19275,2022,10,10,283,10.98198174,205.1272063,644.4261245,0.113015462,0.41,6282.090628,0,11.63445933,11.90852197,11.51406968,11.2310508,0.51
19276,2022,10,11,284,10.83286142,212.2918357,666.9344714,0.246131517,0,12592.17798,0,11.1331367,11.90779841,11.48848823,11.21426898,0.51
19277,2022,10,12,285,10.26545478,212.0457042,666.1612265,0.211104246,0.01,5779.588748,0,10.67755028,11.86104974,11.4707016,11.19742366,0.51
19278,2022,10,13,286,10.01307496,211.8445999,665.5294388,0.242275865,0,8363.654002,0,10.20312657,11.8492773,11.45388811,11.18051984,0.51
19279,2022,10,14,287,9.78941866,211.6023241,664.7683068,0.348099313,0,6556.577341,0,9.613147937,11.8374948,11.4379269,11.16356253,0.51
19280,2022,10,15,288,9.640759562,211.2542247,663.6747205,0.217691062,0,7464.455224,0,9.031217547,11.82566692,11.42273978,11.14655676,0.51
19281,2022,10,16,289,9.48668767,218.9816357,687.9510978,0.167035759,0.11,7448.362806,0,8.605180539,11.82547425,11.3994897,11.12950755,0.51
19282,2022,10,17,290,9.366062098,218.9245999,687.7719147,0.208252243,0.03,9760.878228,0,8.15122029,11.8118268,11.38372957,11.11241997,0.51
19283,2022,10,18,291,9.217263286,218.7463477,687.2119188,0.392060038,0.01,7807.538736,0,7.765435318,11.79668876,11.3688364,11.09529908,0.51
19284,2022,10,19,292,8.979302547,218.3642876,686.0116418,0.381799487,0,11019.75343,0,7.42700302,11.77980795,11.35472892,11.07814995,0.51
19285,2022,10,20,293,8.020767717,122.1077228,383.6127249,0.210104729,0.65,3438.340371,0,8.976818154,9.91156205,9.91156205,11.06097766,0.51
19286,2022,10,21,294,7.572516728,39.72200751,124.790367,0.024911433,0.07,2533.496663,0,8.991864078,8.991864078,8.991864078,11.0437873,0.51
19287,2022,10,22,295,7.553704621,39.76709608,124.9320169,0,1.12,2314.775573,0,9.069956431,9.069956431,9.069956431,11.02658396,0.51
19288,2022,10,23,296,5.866345097,40.88709608,128.4506007,0.131563179,0.3,2377.648038,0,9.039548796,9.039548796,9.039548796,11.00937275,0.51
19289,2022,10,24,297,5.137837595,41.0555329,128.9797605,0.089047281,0.38,2210.134543,0,8.88962911,8.88962911,8.88962911,10.99215876,0.51
19290,2022,10,25,298,6.614000417,41.34648562,129.8938155,0,0.04,2146.161782,0,8.562233945,8.562233945,8.562233945,10.9749471,0.51
19291,2022,10,26,299,7.327144084,47.49105878,149.1975614,0,1.18,2041.371938,0,8.466052404,8.466052404,8.466052404,10.95774286,0.51
19292,2022,10,27,300,7.570970553,48.67105878,152.9046407,0,0.29,2486.008785,0,8.332349385,8.332349385,8.332349385,10.94055114,0.51
19293,2022,10,28,301,6.516784918,48.96105878,153.8157026,0.049988073,0.16,2043.824466,0,8.290306757,8.290306757,8.290306757,10.92337703,0.51
19294,2022,10,29,302,5.991944887,49.07107071,154.1613152,0.053091696,0,3204.263503,0,8.287036523,8.287036523,8.287036523,10.90622563,0.51
19295,2022,10,30,303,5.693750239,49.01797901,153.9945228,0.061191054,0,2228.362448,0,8.211716636,8.211716636,8.211716636,10.88910202,0.51
19296,2022,10,31,304,5.035242968,55.06136112,172.9803676,0.016913092,0.01,1614.115711,0,8.117763962,8.285452559,8.285452559,10.87201127,0.51
19297,2022,11,01,305,6.542503381,55.05444803,172.9586495,0,0.09,1599.942163,0,7.89622443,8.129054535,8.129054535,10.85495845,0.51
19298,2022,11,02,306,8.89267397,55.14444803,173.2413928,0,0.06,1522.335413,0,7.66623459,7.932156409,7.932156409,10.8379486,0.51
19299,2022,11,03,307,6.147818538,55.20444803,173.4298884,0.203280896,0.1,2039.40061,0,7.547670154,7.787116072,7.787116072,10.82098678,0.51
19300,2022,11,04,308,6.055090879,55.10116713,173.1054219,0.059898927,0,2023.668264,0,7.616291578,7.784895669,7.784895669,10.804078,0.51
19301,2022,11,05,309,6.16226708,61.14584136,192.095326,0.088079124,0,3083.896143,0,7.824748272,8.014531291,8.014531291,10.78722727,0.51
19302,2022,11,06,310,6.260349205,61.05776224,191.8186173,0.007718132,0,1938.32869,0,7.682334791,7.977876063,7.977876063,10.7704396,0.51
19303,2022,11,07,311,5.874531101,61.05004411,191.7943701,0.006567834,0,1245.288952,0,7.527277571,7.884005448,7.884005448,10.75371995,0.51
19304,2022,11,08,312,5.861332066,61.04347627,191.7737366,0.032428824,0.03,1611.390794,0,7.404537526,7.780701423,7.780701423,10.73707327,0.51
19305,2022,11,09,313,6.208672074,61.04104745,191.7661062,0.060769652,0,1249.974584,0,7.300130891,7.685886634,7.685886634,10.72050451,0.51
19306,2022,11,10,314,5.198528301,67.08485096,210.7532749,0.079706863,0,1125.040948,0,7.315245463,7.786003328,7.786003328,10.70401857,0.51
19307,2022,11,11,315,4.82088742,67.00514409,210.5028684,0.030272659,0,1005.460109,0,7.19699193,7.720609922,7.720609922,10.68762033,0.51
19308,2022,11,12,316,4.552147713,66.97487143,210.4077641,0.022461011,0.02,1007.437718,0,7.048270529,7.643617084,7.643617084,10.67131466,0.51
19309,2022,11,13,317,4.377394608,66.97241042,210.4000326,0,0.3,962.8710065,0,6.855797294,7.539232507,7.539232507,10.65510639,0.51
19310,2022,11,14,318,4.930917943,67.27241042,211.3425104,0,0.05,969.95121,0,6.664282918,7.419373684,7.419373684,10.63900031,0.51
19311,2022,11,15,319,5.622283773,73.42698358,230.6776722,0,0.01,909.0395969,0,6.480208162,7.472579094,7.472579094,10.62300121,0.51
19312,2022,11,16,320,5.811612221,73.43698358,230.7090881,0,0.01,859.5886509,0,6.311295716,7.363772264,7.363772264,10.60711382,0.51
19313,2022,11,17,321,6.091062835,73.44698358,230.740504,0,0.27,1039.974072,0,6.225069585,7.259477328,7.259477328,10.59134285,0.51
19314,2022,11,18,322,6.681248172,73.71698358,231.5887341,0,0.01,777.5845601,0,6.242668848,7.183017702,7.183017702,10.57569297,0.51
19315,2022,11,19,323,5.57564988,73.72698358,231.62015,0.18613859,0.17,847.08814,0,6.300412249,7.127867061,7.127867061,10.56016882,0.51
19316,2022,11,20,324,4.965809925,79.81541815,250.7475313,0.262618505,0,1745.746458,0,6.551714434,7.272741415,7.272741415,10.54477501,0.51
19317,2022,11,21,325,4.652545664,79.55279965,249.9224909,0.178268665,0.85,698.9402738,0,6.481596597,7.265849607,7.265849607,10.52951609,0.51
19318,2022,11,22,326,4.409326664,80.22453098,252.0327972,0.139598374,0,1546.418703,0,6.338506622,7.274800457,7.274800457,10.51439659,0.51
19319,2022,11,23,327,4.130854555,80.08493261,251.5942359,0.224166253,0.01,1983.34735,0,6.105571608,7.238237105,7.238237105,10.49942097,0.51
19320,2022,11,24,328,4.392177889,79.87076635,250.9214128,0.037839909,0.14,651.2939771,0,5.859879043,7.173034636,7.173034636,10.4845937,0.51
19321,2022,11,25,329,4.299686433,86.0774996,270.4204404,0,0.04,651.9904526,0,5.762615996,7.253676837,7.253676837,10.46991914,0.51
19322,2022,11,26,330,4.20428085,86.1174996,270.5461041,0.016578973,0.3,674.6393588,0,5.572065174,7.181186275,7.181186275,10.45540166,0.51
19323,2022,11,27,331,4.047914859,86.40092063,271.4364975,0.091492077,0,1408.362238,0,5.409304967,7.109017355,7.109017355,10.44104556,0.51
19324,2022,11,28,332,3.789236145,86.30942855,271.1490667,0.045945148,0,546.9469351,0.1,5.245047949,7.022074505,7.022074505,10.42685509,0.45
19325,2022,11,29,333,4.093097847,86.26348341,271.0047257,0.044314076,0,571.8024204,0.1,5.096229406,6.932865246,6.932865246,10.41283445,0.45
19326,2022,11,30,334,3.896323934,92.32374249,290.0435912,0.086177465,0,530.0878465,0.1,5.048884308,6.999463613,6.999463613,10.39898781,0.45
19327,2022,12,01,335,3.763383227,92.23756502,289.7728567,0.056689531,0.04,505.1155841,0.1,4.910878088,6.925795806,6.925795806,10.38531925,0.45
19328,2022,12,02,336,3.586496219,92.22087549,289.720425,0.059825335,0.16,602.8726405,0,4.772365831,6.854158077,6.854158077,10.37183284,0.51
19329,2022,12,03,337,3.277510007,92.32105016,290.0351329,0.183815583,0.07,703.5626756,0,4.644586447,6.783111344,6.783111344,10.35853257,0.51
19330,2022,12,04,338,3.847740074,92.20723458,289.6775708,0.024649324,0.87,620.6619681,0,4.504521935,6.704770167,6.704770167,10.34542238,0.51
19331,2022,12,05,339,3.834398926,99.15715841,311.5114004,0,0,578.5556853,0,4.488243935,6.800081892,6.800081892,10.33250616,0.51
19332,2022,12,06,340,3.778761506,99.15715841,311.5114004,0,0,553.4947069,0,4.369412983,6.738814267,6.738814267,10.31978772,0.51
19333,2022,12,07,341,3.685244577,99.15715841,311.5114004,0.056216739,0.01,541.205817,0,4.26211591,6.678506876,6.678506876,10.30727085,0.51
19334,2022,12,08,342,3.5146174,99.11094167,311.3662062,0.135490704,0,577.9431142,0,4.168071018,6.615023887,6.615023887,10.29495925,0.51
19335,2022,12,09,343,3.821009687,98.97545097,310.9405496,0.071255949,0.05,566.9454244,0,4.075153807,6.548057627,6.548057627,10.28285657,0.51
19336,2022,12,10,344,3.723544937,105.0587682,330.0518543,0.110102904,0,575.7418151,0,4.046789401,6.628415628,6.628415628,10.2709664,0.51
19337,2022,12,11,345,3.639492335,104.9486653,329.7059558,0.092668609,0.25,566.4312745,0,3.955208531,6.573567786,6.573567786,10.25929225,0.51
19338,2022,12,12,346,3.523117106,105.1059967,330.200227,0.011193988,0.02,496.6831102,0,3.874260723,6.527186195,6.527186195,10.24783759,0.51
19339,2022,12,13,347,3.48370644,105.1148027,330.2278919,0.051812825,0.01,490.2241364,0,3.783297134,6.47678044,6.47678044,10.23660581,0.51
19340,2022,12,14,348,3.725005679,105.0729899,330.096533,0.058817776,0,662.3111528,0,3.690019954,6.424430451,6.424430451,10.22560024,0.51
19341,2022,12,15,349,3.682493466,111.1187452,349.0898337,0.004058023,0.08,495.9039788,0,3.646523966,6.508765221,6.508765221,10.21482415,0.51
19342,2022,12,16,350,3.657431274,111.1946872,349.3284125,0.018327498,0.51,491.7755224,0,3.56679133,6.465996759,6.465996759,10.20428071,0.51
19343,2022,12,17,351,3.610811309,111.6863597,350.8730472,0.006015027,0.33,489.63357,0,3.51639838,6.434618002,6.434618002,10.19397307,0.51
19344,2022,12,18,352,3.551979046,112.0103447,351.890876,0.011984884,0.12,487.8352141,0,3.463997954,6.399064596,6.399064596,10.18390427,0.51
19345,2022,12,19,353,3.811147145,112.1183598,352.2302155,0,0.05,486.3166328,0,3.402515229,6.35843513,6.35843513,10.1740773,0.51
19346,2022,12,20,354,3.806643341,118.272933,371.5653773,0,0.04,503.4246839,0,3.39100261,6.444806286,6.444806286,10.16449506,0.51
19347,2022,12,21,355,4.046534181,118.312933,371.691041,0,0.19,566.2553291,0,3.327303709,6.407583252,6.407583252,10.15516041,0.51
19348,2022,12,22,356,3.793187213,118.502933,372.2879436,0.049293496,0.7,504.5515404,0,3.305871575,6.37642714,6.37642714,10.14607609,0.51
19349,2022,12,23,357,3.652441062,119.1536395,374.3321984,0.085419114,0,580.9068118,0,3.346114947,6.354129121,6.354129121,10.13724482,0.51
19350,2022,12,24,358,3.858019381,119.0682204,374.0638463,0.101863533,0,1342.197958,0,3.299484725,6.316746885,6.316746885,10.12866919,0.51
19351,2022,12,25,359,3.575642249,125.07093,392.9219148,0.090088118,0,275.998077,1.1,3.557500468,6.399978128,6.399978128,10.12035177,0.278688525
19352,2022,12,26,360,3.369285235,124.9808419,392.6388946,0.085984333,0,247.5180867,1.1,3.463342535,6.366350829,6.366350829,10.11229499,0.278688525
19353,2022,12,27,361,3.348963399,124.8948575,392.3687669,0.119447111,0.09,250.195241,1.1,3.359636121,6.33646891,6.33646891,10.10450127,0.278688525
19354,2022,12,28,362,3.120448259,124.8654104,392.2762561,0.15666061,1.0224,409.2510291,0.3876,3.250649341,6.307157106,6.307157106,10.0969729,0.45
19355,2022,12,29,363,3.648544987,125.7311498,394.9960566,0.025892046,0.7176,473.7939169,0,3.186106917,6.294460499,6.294460499,10.08971212,0.51
19356,2022,12,30,364,3.530023236,132.5274309,416.3472034,0.058922307,0.45,468.3859754,0,3.095391734,6.389983968,6.389983968,10.08272108,0.51
19357,2022,12,31,365,3.306641666,132.9185086,417.5758102,0.059460702,0.05,497.6579437,0,2.970836511,6.368580133,6.368580133,10.07600184,0.51
19358,2023,01,01,1,3.265102198,132.9090479,417.5460885,0.055026489,0.29,338.9684537,0,2.821156506,6.343648855,6.343648855,10.06955641,0.51
19359,2023,01,02,2,3.136491834,133.1440214,418.2842796,0.066139647,0.2,347.6831882,0,2.708401452,6.322074734,6.322074734,10.06338668,0.51
19360,2023,01,03,3,3.249334054,133.2778818,418.7048143,0.134997128,0,331.0894847,0,2.609334764,6.297251653,6.297251653,10.0574945,0.51
19361,2023,01,04,4,2.336026327,139.2474578,437.4587905,0.066044814,0,295.5886038,0.1,2.460338399,6.372541249,6.372541249,10.0518816,0.45
19362,2023,01,05,5,2.178418908,139.181413,437.2513046,0.06124188,0,405.3134326,0.1,2.318268484,6.342476013,6.342476013,10.04654965,0.45
19363,2023,01,06,6,1.533686792,139.1201711,437.0589075,0.094723165,0,312.8548552,0.2,2.165438929,6.315381704,6.315381704,10.04150022,0.45
19364,2023,01,07,7,1.653463169,139.025448,436.7613259,0.063948617,0,170.1148311,1.3,2.026133328,6.28636509,6.28636509,10.03673482,0.253095592
19365,2023,01,08,8,2.717561248,138.9614993,436.5604254,0.049674273,0,204.8882247,1.3,1.879630052,6.256484502,6.256484502,10.03225486,0.253095592
19366,2023,01,09,9,2.033843036,145.0163982,455.5824513,0.04748797,0,211.2615602,1.3,2.067512139,6.32829154,6.32829154,10.02806166,0.253095592
19367,2023,01,10,10,1.470049284,144.9689103,455.4332634,0.065689931,0,148.6168175,2.35,1.894261139,6.296865658,6.296865658,10.02415647,0.181749962
19368,2023,01,11,11,1.309882138,144.9032203,455.2268924,0.095716045,0,101.6724905,8.5,1.760794132,6.268427034,6.268427034,10.02054043,0.105181958
19369,2023,01,12,12,1.319739171,144.8075043,454.9261916,0.098507039,0,153.6175599,14.15,1.629791534,6.238342473,6.238342473,10.01721464,0.092221331
19370,2023,01,13,13,1.76492513,144.7089972,454.6167226,0.089211406,0,99.40862411,16.2,1.494088325,6.206877178,6.206877178,10.01418007,0.089711296
19371,2023,01,14,14,0.385775097,150.724359,473.5145389,0.124503905,0,91.54952321,17.05,1.67887966,6.274254562,6.274254562,10.01143761,0.088844355
19372,2023,01,15,15,-0.318651883,150.5998551,473.1233984,0.086128374,0,94.19290256,17.4,1.503177683,6.240230698,6.240230698,10.00898809,0.088511561
19373,2023,01,16,16,-0.069468554,150.5137267,472.8528181,0.052515747,0.25,93.91254001,17.15,1.371970424,6.210207149,6.210207149,10.00683222,0.08874791
19374,2023,01,17,17,0.197641261,150.711211,473.4732332,0.034574579,0.25,97.52252851,16.9,1.242798041,6.183692984,6.183692984,10.00497066,0.088991124
19375,2023,01,18,18,1.180101783,150.9266364,474.1500121,0.060991881,0.25,97.79424846,16.65,1.106002787,6.156291046,6.156291046,10.00340394,0.089241506
19376,2023,01,19,19,0.813204096,157.2202177,493.9218808,0.043723648,0.15,116.1010727,16.5,0.676897101,6.163978717,6.224521144,10.00213253,0.089395309
19377,2023,01,20,20,0.697246659,157.326494,494.2557578,0.037903004,0,117.808343,18.05,0.543701415,6.121357729,6.193343763,10.00115682,0.087927167
19378,2023,01,21,21,1.196375921,157.288591,494.136682,0.0031499,0.51,118.3917869,17.8,0.474141486,6.086674889,6.163786228,10.00047708,0.08814697
19379,2023,01,22,22,1.714262058,157.7954411,495.7289986,0,1.2548,120.5617448,16.9052,0.412164916,6.063307742,6.142028107,10.00009352,0.088985993
19380,2023,01,23,23,2.447231973,159.0502411,499.671069,0.149609242,0.9572,239.1095256,15.948,0.377854648,5.965551529,6.130936237,10.00000626,0.089985735
19381,2023,01,24,24,1.995987121,165.962405,521.3862724,0.025972694,0.8168,225.0478558,15.1312,0.515032031,5.986780636,6.204288966,10.00021531,0.090936814
19382,2023,01,25,25,1.280455489,166.7532323,523.8707297,0.061836297,0,147.4741802,17.5812,0.425997761,5.949923634,6.183526857,10.00072063,0.088344382
19383,2023,01,26,26,0.669164542,166.691396,523.6764652,0.06725235,0.25,166.6208835,17.3312,0.375867565,5.903651561,6.154748407,10.00152205,0.088575936
19384,2023,01,27,27,0.096844406,166.8741437,524.2505839,0.062142228,0.25,168.430385,17.0812,0.34828732,5.867710225,6.129657197,10.00261934,0.088814145
19385,2023,01,28,28,0.860020391,167.0620015,524.8407565,0.063161044,0,165.2259728,22.1312,0.297516441,5.83285293,6.103778933,10.00401218,0.085031292
19386,2023,01,29,29,0.270483862,173.1034136,543.8204124,0.076368754,0.25,219.9514383,21.8812,-0.227617549,5.825634001,6.163155229,10.00570015,0.085178065
19387,2023,01,30,30,-0.236751121,173.2770448,544.365891,0.080104355,0.25,317.3753417,21.6312,-0.269535874,5.779476598,6.13428487,10.00768276,0.085328181
19388,2023,01,31,31,-0.174815635,173.4469405,544.8996339,0.063106153,0.25,584.4258798,21.3812,-0.337461481,5.738649295,6.109583553,10.00995941,0.085481757
19389,2023,02,01,32,0.011629369,173.6338343,545.4867783,0.046713624,0.25,508.3545681,21.1312,-0.419077482,5.701159452,6.084802239,10.01252942,0.085638914
19390,2023,02,02,33,0.215645438,173.8371207,546.1254213,0.099419607,0,210.9602388,24.0812,-0.501958924,5.66534833,6.059762468,10.01539205,0.083989703
19391,2023,02,03,34,-0.594425468,179.8422742,564.9911676,0.088163539,0.25,255.9072638,23.8312,-0.516264534,5.64247054,6.117609695,10.01854644,0.084113839
19392,2023,02,04,35,-1.416800801,180.0041107,565.4995918,0.102628904,0.05,275.1943085,23.7812,-0.56707564,5.599605602,6.089186199,10.02199165,0.084138975
19393,2023,02,05,36,-1.51763321,179.9514818,565.3342532,0.074946054,0.15,433.3968137,23.6312,-0.650803027,5.553018693,6.062178632,10.02572667,0.084215014
19394,2023,02,06,37,-1.830831798,180.0265357,565.5700421,0.080389266,0.25,423.3282473,23.3812,-2.224399346,5.511977997,6.036866295,10.02975039,0.084343883
19395,2023,02,07,38,-0.945552393,180.1961465,566.10289,0.069244581,0.25,320.4634002,23.1312,-3.086299834,5.474522473,6.012356535,10.03406161,0.084475502
19396,2023,02,08,39,-1.464417557,186.4814751,585.8488321,0.086360209,0.25,461.7343085,22.8812,-1.735222,5.440745305,6.073718683,10.03865907,0.084609957
19397,2023,02,09,40,-2.069630055,186.6451148,586.3629216,0.110132672,0.15,431.0585992,22.7312,-2.731820622,5.40045192,6.045802054,10.04354138,0.08469203
19398,2023,02,10,41,-2.364217089,186.6849822,586.4881685,0.071882551,0,300.5761474,23.3812,-3.245934647,5.356216107,6.021020129,10.04870712,0.084343883
19399,2023,02,11,42,-2.235701036,186.6130996,586.2623428,0.081518718,0.25,495.0256825,23.1312,-3.714740566,5.310371376,5.994597973,10.05415475,0.084475502
19400,2023,02,12,43,-1.212305643,186.7815809,586.7916424,0.064903136,0.25,345.5532728,22.8812,-3.944088984,5.271643336,5.971214305,10.05988265,0.084609957
19401,2023,02,13,44,-1.262455947,193.0712509,606.5512235,0.079170161,0.25,1010.72522,22.6312,-2.354977498,5.387264016,6.032312876,10.06588912,0.084747342
19402,2023,02,14,45,-1.475757164,193.2420808,607.0879013,0.058687789,0.25,421.4532652,22.3812,-3.14434348,5.348895324,6.005150293,10.0721724,0.084887753
19403,2023,02,15,46,-1.292590557,193.433393,607.6889263,0.051567027,0.25,1091.998039,22.1312,-6.089545166,5.137610165,5.983298161,10.07873061,0.085031292
19404,2023,02,16,47,-1.540208556,193.631826,608.3123219,0.050693194,0.25,448.353069,21.8812,-6.199558447,5.097699005,5.961482321,10.08556181,0.085178065
19405,2023,02,17,48,-0.626029083,193.8311328,608.9384627,0.091091105,0,431.767154,22.0312,-6.293843504,5.058091069,5.9393657,10.09266398,0.085089607
19406,2023,02,18,49,-0.982555599,201.3890718,632.6824285,0.086067679,0.25,467.054952,21.7812,-3.579346521,5.205429413,6.016735915,10.10003501,0.085237704
19407,2023,02,19,50,-0.703592408,201.5530041,633.1974371,0.029967432,0.05,448.2233043,21.7312,-4.763370894,5.167468362,5.989409508,10.10767272,0.085267726
19408,2023,02,20,51,-0.143698478,201.5730367,633.2603713,0,0.36,517.1323299,21.4812,-5.521133368,5.12394971,5.966499894,10.11557485,0.085419904
19409,2023,02,21,52,0.480034996,201.9330367,634.3913446,0,0.9608,501.6799055,20.5604,-5.582154478,5.088761133,5.948298373,10.12373905,0.086011842
19410,2023,02,22,53,1.869160023,202.8938367,637.4097869,0,0.978,510.800394,19.5824,-4.86405051,4.866319167,5.937683078,10.13216291,0.086700547
19411,2023,02,23,54,1.799360144,211.5025532,664.4548672,0.00223027,0.95,530.1554919,18.6824,-1.131997487,5.038247766,6.026120379,10.14084393,0.087396976
19412,2023,02,24,55,2.121966412,212.4503229,667.4323736,0,0.9208,561.5979142,17.7616,-1.115259325,4.793011305,6.009056851,10.14977953,0.088181271
19413,2023,02,25,56,2.359419244,213.3711229,670.3251522,0,0.8532,593.8509274,16.9084,-1.067155161,4.772449462,5.998726381,10.15896707,0.088982838
19414,2023,02,26,57,2.441545248,214.2243229,673.005559,0.020625364,1.134,1795.294903,15.7744,-0.872013188,4.749489756,5.988019067,10.16840383,0.090179793
19415,2023,02,27,58,2.563764733,215.3376975,676.5033286,0.086588453,0.9988,1484.048454,14.7756,-0.696148723,4.732653439,5.980752597,10.178087,0.091383041
19416,2023,02,28,59,2.518568363,223.8806255,703.3417284,0.061286766,0.8272,1361.033691,13.9484,-0.655045587,4.641480446,6.064978993,10.18801373,0.092507137
19417,2023,03,01,60,2.399799701,224.6465388,705.7479158,0.062250822,0.8792,1205.977111,13.0692,-0.651360244,4.617217862,6.047065926,10.19818107,0.093854218
19418,2023,03,02,61,2.185987441,225.4634879,708.3144373,0.125867677,0.8116,1523.600887,12.2576,-0.647454567,4.594066256,6.037131851,10.208586,0.095264953
19419,2023,03,03,62,2.407213278,226.1492203,710.468729,0.050613997,0.7856,2263.940719,11.472,-0.644189597,4.567060877,6.026080651,10.21922545,0.096815529
19420,2023,03,04,63,2.295512254,226.8842063,712.7777556,0.137518022,0.7324,1478.322246,10.7396,-0.640717328,4.540663847,6.015814658,10.23009625,0.098459601
19421,2023,03,05,64,1.858737198,235.1098047,738.6192352,0.085024275,0.64,1795.815349,10.0996,-0.603608891,4.697452212,6.094319753,10.2411952,0.100085571
19422,2023,03,06,65,1.148284412,235.6647804,740.3627429,0.248835458,0.26,1141.018497,9.8496,-0.601247303,4.370309202,6.075241616,10.25251899,0.100776326
19423,2023,03,07,66,0.46340833,235.675945,740.3978173,0.208628158,0.6816,1467.403959,9.168,-0.601958404,4.326819982,6.057122581,10.26406428,0.102844609
19424,2023,03,08,67,0.686092801,236.1489168,741.8837022,0.146893868,0.15,2625.269887,9.018,-0.621856452,4.294734534,6.045402341,10.27582765,0.103340333
19425,2023,03,09,68,1.106774523,236.1520229,741.8934604,0.086638163,0,1017.564601,9.368,-0.903240772,4.250626244,6.027706606,10.2878056,0.102207535
19426,2023,03,10,69,0.293619062,243.6961012,765.5938813,0.091069802,0,1024.82663,9.718,-0.813978222,4.395979311,6.098066927,10.29999459,0.101153769
19427,2023,03,11,70,-0.192552576,243.6050314,765.3077771,0.181876706,0,1031.163792,11.868,-2.141341644,4.353720278,6.072814339,10.31239101,0.09600893
19428,2023,03,12,71,0.337942292,243.4231547,764.7363945,0,0.33,1009.670535,11.618,-3.13802859,4.309436452,6.053734004,10.32499118,0.096511916
19429,2023,03,13,72,0.680718305,243.7531547,765.7731201,0.034614324,0.8844,1061.721801,10.7336,-3.49841968,4.277935694,6.041095169,10.33779137,0.09847397
19430,2023,03,14,73,1.636271498,244.6029404,768.4428006,0.039187875,0.9208,1090.930057,9.8128,-3.762406871,4.259619931,6.034017956,10.35078779,0.100880885
19431,2023,03,15,74,1.565737241,253.115269,795.1850695,0.043407425,0.8272,1170.232346,8.9856,-1.381567223,4.08691896,6.113536148,10.36397658,0.10344951
19432,2023,03,16,75,1.521519463,253.8990615,797.6474265,0.061229741,0.7232,2440.412952,8.2624,-1.684242071,4.069879593,6.09757529,10.37735384,0.106101101
19433,2023,03,17,76,1.080922004,254.5610318,799.7270674,0.091456573,0.6504,1573.105282,7.612,-1.914013732,4.050242575,6.028930419,10.3909156,0.108898981
19434,2023,03,18,77,0.865546983,255.1199752,801.4830399,0.106653784,0.25,1899.78696,7.362,-2.247456445,4.028057979,6.015729777,10.40465785,0.110100557
19435,2023,03,19,78,1.190685498,255.2633214,801.9333753,0.109782572,0.64,2312.132443,6.722,-2.7890304,3.995161077,5.997692103,10.41857651,0.113565623
19436,2023,03,20,79,1.0867245,263.4242553,827.5717053,0.125537366,0.25,1694.288651,6.472,-1.096589183,4.159449641,6.095395064,10.43266746,0.115096653
19437,2023,03,21,80,0.887047487,263.5487179,827.9627162,0.246764082,0.7992,3550.703964,5.7228,-2.017562204,4.128523285,6.063527056,10.44692652,0.120444121
19438,2023,03,22,81,0.970752951,264.1011539,829.6982448,0.102156823,0.8584,1937.050334,4.8644,-4.144371254,3.717558872,5.982075532,10.46134947,0.128472623
19439,2023,03,23,82,1.593216383,264.857397,832.0740528,0.020049228,0.8428,4741.556936,4.0216,-4.498601759,3.700380244,5.971122913,10.47593204,0.139447334
19440,2023,03,24,83,2.603311863,265.6801478,834.6588006,0,0.8636,3301.665025,3.158,-4.278722847,3.684609862,5.962219243,10.49066989,0.156217897
19441,2023,03,25,84,2.691893843,274.1744643,861.3444827,0.050197431,1.056,5620.334333,2.102,-1.091972747,3.86068992,5.995813215,10.50555867,0.193010094
19442,2023,03,26,85,2.698221904,275.1802668,864.5043047,0,0.7852,5397.195774,1.3168,-0.744764304,3.851353412,5.981595818,10.52059397,0.251231373
19443,2023,03,27,86,2.694929708,275.9654668,866.9710832,0,0.728,10419.78487,0.5888,-0.697249928,3.836660872,5.966311818,10.53577132,0.395568142
19444,2023,03,28,87,2.684587191,276.6934668,869.2581627,0,0.6388,7711.4663,0,-0.694197692,3.820183241,5.952926249,10.55108624,0.51
19445,2023,03,29,88,2.792811933,277.3322668,871.2650121,0,0.05,8216.305528,0,-0.691515585,3.801039169,5.939841029,10.56653418,0.51
19446,2023,03,30,89,2.776119061,285.0129833,895.3946945,0,0,10143.0564,0,-0.661355915,3.506798749,5.950515906,10.58211056,0.51
19447,2023,03,31,90,2.758849195,285.0129833,895.3946945,0,0.12,8481.969476,0,-0.661247968,3.470965711,5.925032794,10.59781077,0.51
19448,2023,04,01,91,2.739669544,285.1329833,895.7716856,0.103037077,0,19801.39681,0,-0.660678412,3.437535261,5.901332188,10.61363016,0.51
19449,2023,04,02,92,2.716366188,285.0299462,895.447985,0.110515525,0.01,11149.10194,0,-0.660952431,3.39765143,5.875553345,10.62956404,0.51
19450,2023,04,03,93,2.813651977,284.9294307,895.1322062,0.17374971,0,16144.13856,0,-0.661211234,3.357318415,5.851251914,10.64560769,0.51
19451,2023,04,04,94,2.788718273,292.3863974,918.5589581,0.212270793,0,23886.15254,0,-0.633394588,3.507399924,5.952595459,10.66175635,0.51
19452,2023,04,05,95,2.764947465,292.1741266,917.8920898,0.155482701,0.23,9922.46359,0,-0.634036708,3.467614177,5.926142315,10.67800524,0.51
19453,2023,04,06,96,2.731207279,292.2486439,918.1261928,0.346236519,0,15139.86979,0,-0.6336337,3.434786415,5.903784865,10.69434955,0.51
19454,2023,04,07,97,2.681951012,291.9024074,917.0384587,0.130827347,0.04,11434.58326,0,-0.634749646,3.391044988,5.875736825,10.71078442,0.51
19455,2023,04,08,98,2.816504751,291.8115801,916.7531161,0.149786203,0,22197.28582,0,-0.634932201,3.353383642,5.853119734,10.727305,0.51
19456,2023,04,09,99,2.797350059,299.2925103,940.2551516,0.113400441,0.49,10360.37654,0,-0.608276927,3.504249977,5.847561207,10.74390638,0.51
19457,2023,04,10,100,2.781135135,299.6691099,941.4382741,0.192591788,0,26848.42436,0,-0.606826895,3.481207696,5.8326605,10.76058365,0.51
19458,2023,04,11,101,2.762808398,299.4765181,940.8332291,0.144010292,0.16,15969.25427,0,-0.607333053,3.444384107,5.807252565,10.77733186,0.51
19459,2023,04,12,102,2.744672987,299.4925078,940.8834623,0.023410732,0,10193.39543,0,-0.607111842,3.412235445,5.785297671,10.79414605,0.51
19460,2023,04,13,103,2.840789986,299.4690971,940.8099153,0.131092483,0.05,15459.59887,0,-0.607018261,3.378819731,5.763239285,10.81102125,0.51
19461,2023,04,14,104,2.819504373,307.018721,964.5277585,0.108036956,0,21950.93413,0,-0.581428382,3.02037289,5.867215094,10.82795244,0.51
19462,2023,04,15,105,2.801004704,306.9106841,964.1883504,0.143604411,0,24345.93173,0,-0.581605299,2.985846793,5.845120424,10.84493461,0.51
19463,2023,04,16,106,2.788618493,306.7670797,963.7372038,0.211338713,0,31196.82284,0,-0.581891009,2.949477094,5.821339581,10.86196273,0.51
19464,2023,04,17,107,2.813203089,306.5557409,963.0732636,0.129022157,0,23817.68224,0,-0.58239144,2.910438525,5.796440427,10.87903176,0.51
19465,2023,04,18,108,3.030201974,306.4267188,962.6679286,0.100080038,0,30836.84513,0,-0.582612471,2.873453703,5.773401397,10.89613663,0.51
19466,2023,04,19,109,3.40791299,313.9573552,986.3261206,0.102314013,0,32663.35308,0,-0.558179251,3.034489584,5.750960821,10.91327227,0.51
19467,2023,04,20,110,3.66622827,313.8550412,986.0046917,0.09078007,0,33001.76449,0,-0.558289871,3.001668287,5.72937429,10.93043362,0.51
19468,2023,04,21,111,3.351712039,313.7642611,985.7194977,0.112820762,0,22110.12142,0,-0.558340063,2.968407549,5.707399568,10.94761558,0.51
19469,2023,04,22,112,2.878061627,313.6514403,985.3650608,0.081487983,0.16,11570.73342,0,-0.558417385,2.933767185,5.6846904,10.96481307,0.51
19470,2023,04,23,113,2.912978841,313.7299524,985.6117136,0.211775541,0,17095.68455,0,-0.557836718,2.903908859,5.665241252,10.98202098,0.51
19471,2023,04,24,114,2.883893354,321.1488933,1008.919004,0.189217631,0.01,15145.51282,0,-0.534675283,3.060577795,5.768455817,10.99923421,0.51
19472,2023,04,25,115,2.855440334,320.9696756,1008.355975,0.236076923,0,12704.28784,0,-0.534795643,3.027146898,5.74634673,11.01644768,0.51
19473,2023,04,26,116,2.784819103,320.7335987,1007.614317,0.215400768,0,12002.18683,0,-0.535038741,2.991569224,5.722745325,11.03365627,0.51
19474,2023,04,27,117,2.751451132,259.8239188,816.2609146,0.151878163,0,22580.41272,0,2.780458647,2.784819107,3.371922374,11.05085489,0.51
19475,2023,04,28,118,2.875599968,199.0412841,625.3066359,0.114129783,0,12889.793,0,2.74413495,2.753341187,3.676340753,11.06803843,0.51
19476,2023,04,29,119,2.618464521,153.5955791,482.5347428,0.087810136,0,10507.84474,0,2.87096268,3.355231768,3.620111395,11.08520182,0.51
19477,2023,04,30,120,2.59583021,92.94108042,291.9830155,0.14907663,0,19494.48528,0,2.619229027,3.419533896,3.419533896,11.10233996,0.51
19478,2023,05,01,121,1.853281285,32.16404878,101.0463394,0.120849989,0,14303.40663,0,3.229823107,3.229823107,3.229823107,11.11944778,0.51
19479,2023,05,02,122,1.517844376,32.04319879,100.6666779,0.146538949,0.02,12335.61813,0,3.32277601,3.32277601,3.32277601,11.1365202,0.51
19480,2023,05,03,123,3.000429942,31.91665984,100.2691441,0.054007162,0,16753.81525,0,3.21092076,3.21092076,3.21092076,11.15355216,0.51
19481,2023,05,04,124,2.318790052,39.49336913,124.0720783,0.131407985,0,11708.90465,0,4.084256261,4.084256261,4.084256261,11.17053863,0.51
19482,2023,05,05,125,2.404138078,39.36196115,123.659248,0.044370033,1.7,9572.168897,0,3.929015436,3.929015436,3.929015436,11.18747456,0.51
19483,2023,05,06,126,2.133401018,41.01759111,128.8605629,0.045214302,0.05,9747.55129,0,3.957974146,3.957974146,3.957974146,11.20435493,0.51
19484,2023,05,07,127,1.9189931,41.02237681,128.8755976,0.072099517,0,10395.67662,0,3.806658728,3.806658728,3.806658728,11.22117476,0.51
19485,2023,05,08,128,3.563266453,40.95027729,128.6490903,0.073065959,0,19688.05167,0,3.647256803,3.647256803,3.647256803,11.23792904,0.51
19486,2023,05,09,129,3.8949753,48.50792779,152.3921496,0,0.2,11172.00867,0,4.272984931,4.272984931,4.272984931,11.25461282,0.51
19487,2023,05,10,130,6.842316217,48.70792779,153.0204681,0,0.38,13156.21954,0,4.224128817,4.224128817,4.224128817,11.27122115,0.51
19488,2023,05,11,131,8.281217604,49.08792779,154.2142733,0,0,20077.65219,0,4.269442627,4.269442627,4.269442627,11.28774912,0.51
19489,2023,05,12,132,8.953387522,49.08792779,154.2142733,0.218193256,0,30708.96774,0,4.493073293,4.493073293,4.493073293,11.30419182,0.51
19490,2023,05,13,133,10.03324675,48.86973453,153.528799,0.13778645,0,26791.65073,0,4.908552313,4.908552313,4.908552313,11.32054438,0.51
19491,2023,05,14,134,8.607584816,56.36266453,177.0685328,0.114031096,0.36,11888.53883,0,6.184200518,5.806980262,5.806980262,11.33680195,0.51
19492,2023,05,15,135,8.42541782,56.60863343,177.8412669,0.037368018,0.01,11630.53555,0,6.525665622,6.175181239,6.175181239,11.35295973,0.51
19493,2023,05,16,136,8.298729323,56.58126542,177.7552878,0.044826564,0,14168.93362,0,6.786985481,6.471320407,6.471320407,11.36901291,0.51
19494,2023,05,17,137,8.664157047,56.53643885,177.614461,0.005642976,0.66,14700.67409,0,6.928336316,6.65933134,6.65933134,11.38495675,0.51
19495,2023,05,18,138,9.669535599,57.19079587,179.6701842,0.024465822,0,20713.00381,0,7.139946041,6.805683849,6.805683849,11.40078651,0.51
19496,2023,05,19,139,9.383744089,64.7970465,203.5659253,0.110265504,0.02,19952.88578,0,7.921303071,7.159855356,7.159855356,11.41649752,0.51
19497,2023,05,20,140,8.732817005,64.706781,203.2823478,0.140551473,0,16630.50785,0,7.945412029,7.206297007,7.206297007,11.43208511,0.51
19498,2023,05,21,141,9.113759344,64.56622953,202.8407923,0.025034547,0.12,16788.61384,0,8.006918404,7.2911286,7.2911286,11.44754466,0.51
19499,2023,05,22,142,8.236600363,64.66119498,203.1391351,0.102829755,0.09,13834.69822,0,8.038520022,7.379402457,7.379402457,11.46287159,0.51
19500,2023,05,23,143,8.665132276,64.64836522,203.0988293,0.026197159,0,13854.67938,0,8.041137072,7.441855288,7.441855288,11.47806137,0.51
19501,2023,05,24,144,8.245086715,72.25288451,226.9891312,0.037190427,0.08,12611.09836,0,8.508396898,7.694403999,7.694403999,11.49310949,0.51
19502,2023,05,25,145,8.085947602,72.29569409,227.1236214,0.079740311,0.09,12356.44597,0,8.371215161,7.675521565,7.675521565,11.50801148,0.51
19503,2023,05,26,146,7.752051969,72.30595378,227.1558532,0.05769893,1.93,11692.26834,0,8.244199409,7.659131181,7.659131181,11.52276294,0.51
19504,2023,05,27,147,6.940399996,74.17825485,233.0378605,0.091449717,0.27,11849.0303,0,8.208511099,7.686909427,7.686909427,11.5373595,0.51
19505,2023,05,28,148,7.92499896,74.35680513,233.5987927,0.06542436,0,17046.88553,0,8.072858229,7.655489434,7.655489434,11.55179683,0.51
19506,2023,05,29,149,8.34306343,81.92209722,257.3658588,0.195579455,0,31058.3811,0,8.225590664,7.805958515,7.805958515,11.56607064,0.51
19507,2023,05,30,150,9.555416777,81.72651776,256.7514278,0.150926695,0,36033.78817,0,8.06909563,7.73061427,7.73061427,11.58017672,0.51
19508,2023,05,31,151,8.844727713,81.57559107,256.2772776,0.188710231,0,20921.59028,0,8.028202173,7.669414999,7.669414999,11.59411088,0.51
19509,2023,06,01,152,9.91790528,81.38688084,255.6844269,0.191517343,0.02,38153.88087,0,8.125318734,7.62290237,7.62290237,11.60786899,0.51
19510,2023,06,02,153,11.51252332,81.2153635,255.1455893,0.189199289,0,49142.79958,0,8.262044677,7.605139468,7.605139468,11.62144697,0.51
19511,2023,06,03,154,12.38500211,88.65688066,278.523805,0.215634903,0,44563.09595,0,9.097437371,7.798610334,7.798610334,11.63484081,0.51
19512,2023,06,04,155,12.75464545,88.44124575,277.8463679,0.257328824,0,45141.73299,0,9.556805059,7.803039406,7.803039406,11.64804653,0.51
19513,2023,06,05,156,13.80527024,88.18391693,277.0379456,0.237740975,0.01,47326.73256,0,10.10990985,7.848401569,7.848401569,11.66106022,0.51
19514,2023,06,06,157,14.24554619,87.95617595,276.3224762,0.258196697,0,45263.40235,0,10.6826386,7.933522265,7.933522265,11.67387802,0.51
19515,2023,06,07,158,14.57894883,87.69797926,275.5113274,0.158190052,0,38195.33787,0,10.7314212,8.05625835,8.05625835,11.68649614,0.51
19516,2023,06,08,159,14.52066818,95.17050566,298.9869614,0.046795222,0.2,26605.63702,0,12.50913032,8.34230416,8.34230416,11.69891083,0.51
19517,2023,06,09,160,14.40647079,95.32371043,299.4682684,0.070143709,0.43,23373.41897,0,12.99065368,8.471087934,8.471087934,11.71111843,0.51
19518,2023,06,10,161,15.58724124,95.68356672,300.5987903,0.209192682,0.01,50847.3347,0,13.3586454,8.631919656,8.631919656,11.7231153,0.51
19519,2023,06,11,162,15.87812557,95.48437404,299.973008,0.256295585,0.08,45814.58614,0,13.65431562,8.797421904,8.797421904,11.7348979,0.51
19520,2023,06,12,163,14.33681803,95.30807846,299.4191591,0.246475713,1.02,23682.67952,0,14.03486312,8.972711554,8.972711554,11.74646273,0.51
19521,2023,06,13,164,14.55793952,103.7123192,325.8218601,0.394752888,0,48155.98882,0,14.89825245,9.230265378,9.230265378,11.75780637,0.51
19522,2023,06,14,165,13.29559089,103.3175663,324.5817073,0.457285962,0.08,31629.68423,0,14.93702767,9.344070878,9.344070878,11.76892546,0.51
19523,2023,06,15,166,13.48544724,102.9402803,323.3964285,0.389570825,0.03,38684.82143,0,14.8744407,9.479772547,9.479772547,11.77981669,0.51
19524,2023,06,16,167,13.57012518,102.5807095,322.2668034,0.107850105,0.91,21033.50655,0,14.65339628,9.617899674,9.617899674,11.79047685,0.51
19525,2023,06,17,168,13.52777327,103.3828594,324.7868316,0.051474071,0.66,22184.52654,0,14.36808375,9.756849815,9.756849815,11.80090277,0.51
