"Date ID","Year","Month","Day","DOY","Temperature.C","Depth.cm","Volume.m3","Evaporation.cm","Precipitation.cm","total radiation","snow depth","temp.05","temp.15","temp.25","In.M.temp","Solar absorb"
19161,"2022","06","18",169,17.7376048899661,60,188.495559215388,0.116801983591045,0,67899.9842444882,0,12.9103735619199,12.0614655887291,12.0614655887291,11.8110913733954,0.85
19162,"2022","06","19",170,18.4154064340447,59.883198016409,188.128614961813,0.383064038028536,0.01,86561.3723833808,0,13.0122990255284,12.2154616596468,12.2154616596468,11.8210396285806,0.85
19163,"2022","06","20",171,18.5685444298132,59.5101339783804,186.956599720624,0.428909407177855,0,85180.079743279,0,13.2928499129035,12.3966500422752,12.3966500422752,11.8307445920043,0.85
19164,"2022","06","21",172,18.1738375305636,59.0812245712026,185.609141077979,0.678625318849341,0,93186.1903643512,0,13.4996795731914,12.7040722383603,12.7040722383603,11.8402033878765,0.85
19165,"2022","06","22",173,16.8096411480537,58.4025992523532,183.477176761742,0.532573073133005,0.01,63738.2285284375,0,13.9842788933251,13.0988228803784,13.0988228803784,11.8494132133518,0.85
19166,"2022","06","23",174,19.8213546796115,64.7476709838705,203.410807499977,0.160686582011647,0,76544.7614994994,0,14.9339838909397,13.2790099365597,13.2790099365597,11.8583713393602,0.85
19167,"2022","06","24",175,21.1008084406441,64.5869844018588,202.905995714398,0.369285586249091,0,91511.3618761572,0,15.0708422710752,13.4630697980447,13.4630697980447,11.8670751114155,0.85
19168,"2022","06","25",176,21.4715847695392,64.2176988156098,201.745850829562,0.445294857290293,0,87832.2067801804,0,15.0511712527248,13.6511154592462,13.6511154592462,11.8755219504023,0.85
19169,"2022","06","26",177,21.0424793251601,63.7724039583195,200.346915777217,0.69531310780355,0,90497.182261421,0,15.5343300938857,13.9357783976433,13.9357783976433,11.8837093533399,0.85
19170,"2022","06","27",178,20.4053581426124,63.0770908505159,198.162525225797,0.511706150079664,0,74549.915548037,0,16.1183731770975,14.3342317357566,14.3342317357566,11.8916348941241,0.85
19171,"2022","06","28",179,19.727444453124,69.4330295050865,218.130295409663,0.492251171661687,0,59507.119130647,0,16.9192167211342,14.4759574539092,14.4759574539092,11.8992962242461,0.85
19172,"2022","06","29",180,19.4375398000437,68.9407783334248,216.58384274505,0.342818526187363,0.39,49890.091801887,0,17.2002331911684,14.7300142330595,14.7300142330595,11.9066910734884,0.85
19173,"2022","06","30",181,17.8955042478074,68.9879598072375,216.732067716565,0.386787977591082,0.38,34615.7664903392,0,17.3294400249943,14.946778714208,14.946778714208,11.9138172505977,0.85
19174,"2022","07","01",182,17.3936342172086,68.9811718296464,216.710742656032,0.401273880203337,0.05,41031.2786938042,0,17.3560944475701,15.1196240358018,15.1196240358018,11.9206726439338,0.85
19175,"2022","07","02",183,17.0522613833138,68.6298979494431,215.607183214588,0.252474793319387,0.2,51702.1009928524,0,17.2518461038597,15.2450062318481,15.2450062318481,11.9272552220958,0.85
19176,"2022","07","03",184,16.7650426256444,75.445067960774,237.01767125515,0.506172041698196,0,64099.3725121961,0,17.0155710680746,15.0370444577305,15.0370444577305,11.9335630345237,0.85
19177,"2022","07","04",185,16.607579703612,74.9388959190757,235.427484887499,0.194454692402968,0.59,33661.1726358795,0,16.8269879558166,14.9944063211593,14.9944063211593,11.9395942120765,0.85
19178,"2022","07","05",186,16.5009411432629,75.3344412266728,236.670127120007,0.17029502495838,2.24,34570.6786775916,0,16.5995583598097,14.9204622988401,14.9204622988401,11.9453469675862,0.85
19179,"2022","07","06",187,15.3030071504314,77.4041462017144,243.172297064696,0.610229433339616,0.13,41959.222321043,0,16.3026989503092,14.7927380179972,14.7927380179972,11.9508195963871,0.85
19180,"2022","07","07",188,15.1860829920535,76.9239167683748,241.663611804879,0.449224956072868,0.08,54277.4006469003,0,16.176646286659,14.7292958374245,14.7292958374245,11.9560104768212,0.85
19181,"2022","07","08",189,14.9276579210333,83.4223366169522,262.078999861112,0.30026252753089,0.49,43082.8189557985,0,15.872143538548,14.5008757422071,14.5008757422071,11.9609180707187,0.85
19182,"2022","07","09",190,16.4007695337737,83.6120740894213,262.675077710731,0.316460189426655,0,78750.7106017574,0,15.657202268656,14.4039254487612,14.4039254487612,11.9655409238535,0.85
19183,"2022","07","10",191,15.7198521681906,83.2956138999946,261.680888704475,0.210577283886404,0.23,32891.6764508391,0,15.5188962167144,14.3189120715974,14.3189120715974,11.9698776663745,0.85
19184,"2022","07","11",192,16.0006389727853,83.3150366161082,261.74190696673,0.209406183904385,0.19,41139.3990119034,0,15.5380822541753,14.230664713979,14.230664713979,11.9739270132112,0.85
19185,"2022","07","12",193,16.3771436697781,83.2956304322039,261.680940641942,0.167221633535262,0.17,52651.3553084912,0,15.5662034310178,14.1593278805412,14.1593278805412,11.9776877644549,0.85
19186,"2022","07","13",194,16.4081314813617,90.1660536033189,283.26501160337,0.280381762774379,0.07,53905.6316717339,0,15.493390571777,13.9875186826588,13.9875186826588,11.9811588057137,0.85
19187,"2022","07","14",195,16.2372402516081,89.9556718405445,282.604077802989,0.220205397446349,0.03,38360.6922907219,0,15.6267304071724,13.9380158216302,13.9380158216302,11.9843391084433,0.85
19188,"2022","07","15",196,16.1465565464885,89.7654664430981,282.006529923698,0.246419583704665,0.05,40393.3023777715,0,15.769837066429,13.9065613952102,13.9065613952102,11.9872277302512,0.85
19189,"2022","07","16",197,18.3305119057516,89.5690468593935,281.38945960251,0.0847991767123685,0.06,65934.1653548247,0,15.8728729279798,13.8927204983557,13.8927204983557,11.9898238151766,0.85
19190,"2022","07","17",198,17.7821441953689,89.5442476826811,281.311550691136,0.420785401706483,0,69865.0501271442,0,15.9881029167501,13.8897113266523,13.8897113266523,11.9921265939434,0.85
19191,"2022","07","18",199,17.8972868018835,95.9911070856249,301.56495683015,0.283980526814834,0.02,55655.0803240924,0,16.3754814636941,13.7972281763907,13.7972281763907,11.9941353841885,0.85
19192,"2022","07","19",200,18.0814617826123,95.7271265588101,300.735637546418,0.277091931835682,0.07,55345.7165518035,0,16.7538310084346,13.7999282226008,13.7999282226008,11.9958495906641,0.85
19193,"2022","07","20",201,17.3228776686562,95.5200346269744,300.085039054745,0.270062435253597,0.34,36306.7786405134,0,17.0817590348174,13.8241721154255,13.8241721154255,11.9972687054138,0.85
19194,"2022","07","21",202,16.6312514139191,95.5899721917208,300.304754394363,0.29435702904782,0.03,36310.9353492471,0,17.3250275532513,13.8650442902328,13.8650442902328,11.9983923079233,0.85
19195,"2022","07","22",203,16.4106091434847,95.325615162673,299.474252293981,0.5606960709223,0.12,72278.6728202268,0,17.4068497341581,13.9264954527403,13.9264954527403,11.9992200652449,0.85
19196,"2022","07","23",204,16.2671371614632,101.752563896401,319.665107220859,0.561690062225114,0,71525.9945323881,0,17.2875295225423,13.8915782425397,13.8915782425397,11.9997517320962,0.85
19197,"2022","07","24",205,16.3323159247378,101.190873834176,317.900505847779,0.49829208607124,0,64436.379692838,0,17.1528848855013,13.9384370464184,13.9384370464184,11.9999871509328,0.85
19198,"2022","07","25",206,16.9148141515139,100.692581748105,316.335075090835,0.348206382768474,0.03,62308.5978634525,0,17.0462990131606,13.9835582984431,13.9835582984431,11.9999262519952,0.85
19199,"2022","07","26",207,16.9707979756026,100.374375365336,315.335400256404,0.462885191528382,0,63124.1899811495,0,16.9932300240519,14.0201610503655,14.0201610503655,11.9995690533289,0.85
19200,"2022","07","27",208,17.1244028685063,99.9114901738077,313.881203539243,0.185152283452501,0.57,57000.8597343456,0,16.7659420505636,14.0520023898364,14.0520023898364,11.9989156607796,0.85
19201,"2022","07","28",209,16.3466213238879,107.163982695006,336.665580764053,0.241174445869683,0.35,30429.6929653804,0,16.7753925239916,13.9634515258958,13.9634515258958,11.9979662679617,0.85
19202,"2022","07","29",210,16.2870764096716,107.272808249136,337.007466325432,0.303122443438245,0.2,42501.0236343228,0,16.8750999833597,13.9593118438371,13.9593118438371,11.9967211562007,0.85
19203,"2022","07","30",211,16.5032762655068,107.169685805698,336.683497614706,0.122242183010375,1.63,38721.1115557907,0,16.8735921800417,13.9624461593201,13.9624461593201,11.9951806944501,0.85
19204,"2022","07","31",212,16.3018044771837,108.677443622687,341.420258495953,0.277919513534839,0.01,42255.5365073928,0,16.9905626114889,13.9480533164083,13.9480533164083,11.993345339182,0.85
19205,"2022","08","01",213,17.038046063383,108.409524109152,340.578564520479,0.174487603027342,0,50747.5624868855,0,16.9855655443404,13.9571538048954,13.9571538048954,11.9912156342518,0.85
19206,"2022","08","02",214,16.0504506824092,115.102681310775,361.605738014419,0.367934120867586,0,22144.6280129385,0,16.7019385676036,13.8773077083546,13.8773077083546,11.9887922107369,0.85
19207,"2022","08","03",215,15.855302265145,114.734747189908,360.449838883296,0.333004748955774,0,38894.3608426016,0,16.8071668275252,13.8749252068325,13.8749252068325,11.9860757867502,0.85
19208,"2022","08","04",216,16.2252722570259,114.401742440952,359.403673610366,0.206627968811521,0,40439.3031730175,0,16.8024483824115,13.8754185214916,13.8754185214916,11.9830671672265,0.85
19209,"2022","08","05",217,15.5056144359907,114.19511447214,358.754532701522,0.429391476408758,0,26441.7645949167,0,16.7237097771165,13.8774673230047,13.8774673230047,11.9797672436849,0.85
19210,"2022","08","06",218,15.7771570775268,113.765722995732,357.405559593722,0.0376631714123624,0.05,20388.9359314017,0,16.6441177180665,13.8845878980953,13.8845878980953,11.9761769939638,0.85
19211,"2022","08","07",219,16.9137794779734,120.64570462897,379.019659349535,0.106138893633526,0.04,45459.9577601349,0,16.3342952453741,13.805838458966,13.805838458966,11.9722974819318,0.85
19212,"2022","08","08",220,17.0069572746191,120.579565735336,378.811877887179,0.290726368022602,0.04,47699.4421458477,0,16.3434660914336,13.7970383207142,13.7970383207142,11.9681298571721,0.85
19213,"2022","08","09",221,16.4983900495715,120.328839367314,378.024197771338,0.325483104419933,0.05,44630.2181827148,0,16.652555269902,13.791016941738,13.791016941738,11.9636753546416,0.85
19214,"2022","08","10",222,16.3236015134986,120.053356262894,377.158742074305,0.371233109321897,0,49166.38789115,0,16.9982941206697,13.7855941834738,13.7855941834738,11.9589352943058,0.85
19215,"2022","08","11",223,15.7714405776969,119.682123153572,375.99247886529,0.352931219348564,0,41462.5650141246,0,17.1504504745774,13.7821291376177,13.7821291376177,11.9539110807468,0.85
19216,"2022","08","12",224,16.2191386857965,126.196836738873,396.459055205115,0.2259664102524,0,39607.7198006372,0,17.0652124905236,13.7076815215831,13.7076815215831,11.9486042027475,0.85
19217,"2022","08","13",225,16.3534239243133,125.970870328621,395.749160790708,0.257783490406479,0,41375.4310969907,0,16.7174994021704,13.6999042398177,13.6999042398177,11.9430162328503,0.85
19218,"2022","08","14",226,16.957821823043,125.713086838214,394.93931007103,0.0730762322187014,0.01,37146.743247631,0,16.6900257545862,13.6974848317041,13.6974848317041,11.9371488268914,0.85
19219,"2022","08","15",227,17.5186275059698,125.650010605996,394.741150243276,0.150045493283192,0,44939.2452236059,0,16.7928626156209,13.6970696196428,13.6970696196428,11.9310037235097,0.85
19220,"2022","08","16",228,17.3007717157436,125.499965112713,394.269768423873,0.209649954583674,0,45812.9215619311,0,17.0436770866033,13.6994652022389,13.6994652022389,11.9245827436321,0.85
19221,"2022","08","17",229,17.5597931640929,132.157959962779,415.186476132481,0.102047733047674,0,36316.406196578,0,17.5777703042613,13.6349246478674,13.6349246478674,11.9178877899334,0.85
19222,"2022","08","18",230,17.5121314173355,132.055912229732,414.865883724023,0.151719486078163,0.04,34140.149811971,0,17.8979528492761,13.6300946888966,13.6300946888966,11.9109208462728,0.85
19223,"2022","08","19",231,17.4523984279129,131.944192743653,414.514906607297,0.22055327714777,0.09,39201.6088214204,0,18.1801677925376,13.6283050016443,13.6283050016443,11.9036839771063,0.85
19224,"2022","08","20",232,17.0805434647073,131.813639466506,414.104761390908,0.19623008937882,0.01,23137.3596654286,0,18.3846412956296,13.6309193232369,13.6309193232369,11.8961793268742,0.85
19225,"2022","08","21",233,16.9304108599511,131.627409377127,413.519702310238,0.147073715347203,0.09,27956.7020379451,0,18.4724295283197,13.6387861132339,13.6387861132339,11.8884091193665,0.85
19226,"2022","08","22",234,16.6646781271329,138.43798046643,434.915742411143,0.145544699845468,0.22,17906.3506830925,0,18.4773267220422,13.5850371097145,13.5850371097145,11.8803756570633,0.85
19227,"2022","08","23",235,16.0745565927988,138.512435766584,435.14965063513,0.395539337723816,0.08,27643.5602547613,0,18.3637982118369,13.589958208144,13.589958208144,11.8720813204528,0.85
19228,"2022","08","24",236,15.5564482471462,138.196896428861,434.158354569818,0.284404470397033,0.04,21308.2173046348,0,18.1630255199879,13.6024072625746,13.6024072625746,11.863528567326,0.85
19229,"2022","08","25",237,15.2243036618715,137.952491958464,433.390535281114,0.356178750927982,0,30754.8514184141,0,17.6853417982324,13.6183649343249,13.6183649343249,11.8547199320482,0.85
19230,"2022","08","26",238,14.7313254491115,137.596313207536,432.271566733834,0.232192334573045,0,20515.0692604276,0,17.309249956742,13.6382641584505,13.6382641584505,11.8456580248082,0.85
19231,"2022","08","27",239,14.630980251122,144.231765677613,453.117455467073,0.257652074260584,0,29232.6381492908,0,16.4889380511814,13.5940410748758,13.5940410748758,11.8363455308446,0.85
19232,"2022","08","28",240,14.373209857189,143.974113603352,452.308017603394,0.215277837155105,0,19685.7030198652,0,15.9907729394722,13.6056366702189,13.6056366702189,11.8267852096504,0.85
19233,"2022","08","29",241,14.3356328158467,143.758835766197,451.631702331706,0.160854528729672,0.95,15469.5575780633,0,15.5763375248523,13.6168653886169,13.6168653886169,11.8169798941552,0.85
19234,"2022","08","30",242,14.4709830763952,144.547981237467,454.110875946863,0.112244704283735,0.32,22387.6104874829,0,15.1955886515074,13.6181289274533,13.6181289274533,11.8069324898854,0.85
19235,"2022","08","31",243,13.7841842079429,144.755736533184,454.76355845763,0.317776791050117,0.51,23020.2545590132,0,14.969656805308,13.6216251664337,13.6216251664337,11.7966459741039,0.85
19236,"2022","09","01",244,14.3233752618659,151.815604546784,476.942787944469,0.256069560923857,0.06,44352.1972874848,0,14.6579847590963,13.5613686237919,13.5613686237919,11.7861233949271,0.85
19237,"2022","09","02",245,14.1933578181174,151.61953498586,476.326817252278,0.207738301375917,0.17,21989.5714683564,0,14.4511766153991,13.5556704340967,13.5556704340967,11.7753678704226,0.85
19238,"2022","09","03",246,14.6265772966767,151.581796684484,476.208258881917,0,0.08,20797.6853002508,0,14.3616815056438,13.5458773466118,13.5458773466118,11.7643825876842,0.85
19239,"2022","09","04",247,14.4934320036748,151.661796684484,476.459586294204,0.105017597378912,0.02,19814.8382484001,0,14.3523141176315,13.5329179371907,13.5329179371907,11.7531708018884,0.85
19240,"2022","09","05",248,14.5138984332987,151.576779087105,476.192495634853,0.252752376508032,0.07,40936.5342383045,0,14.4773631661311,13.51886129271,13.51886129271,11.7417358353292,0.85
19241,"2022","09","06",249,14.1233019497595,158.261671515247,497.193704577142,0.282016167892149,0.15,29878.4525339928,0,14.5080027582613,13.6447313049076,13.448666485853,11.730081076434,0.85
19242,"2022","09","07",250,14.8337006473857,158.129655347355,496.778963553937,0.167250101041236,0.01,44153.6258675487,0,14.5840087576429,13.52674474693,13.4278677609018,11.7182099787595,0.85
19243,"2022","09","08",251,14.5113319172752,157.972405246314,496.28494779173,0.266274235748742,0.56,27643.6394285042,0,14.6376941308268,13.5036666633848,13.4055888095361,11.7061260599679,0.85
19244,"2022","09","09",252,14.0808397970255,158.266131010565,497.207714494872,0.143848943132507,0.1,18403.7644761811,0,14.8000546014361,13.5728752235768,13.3796123960439,11.6938329007854,0.85
19245,"2022","09","10",253,13.9829415714221,158.222282067433,497.069958977259,0.389212653595084,0,48600.1443798562,0,14.8156108942953,13.545976258811,13.35586859586,11.6813341439403,0.85
19246,"2022","09","11",254,13.792232067162,164.700714218488,517.422553829794,0.340053356174002,0,32325.5080567652,0,14.5636839556467,13.5425957769607,13.286250489869,11.6686334930839,0.85
19247,"2022","09","12",255,13.3745567147851,164.360660862314,516.354244704209,0.308020781520401,0.49,16812.7987276771,0,14.3741566279098,13.5253405165475,13.2636036040863,11.6557347116932,0.85
19248,"2022","09","13",256,13.5955072222077,164.542640080794,516.92594928009,0.384101428017976,0,36098.5663791807,0,14.1288837972326,13.4985382869585,13.2373992947072,11.6426416219555,0.85
19249,"2022","09","14",257,13.7714203904803,164.158538652776,515.719259055596,0.0656439618830126,0,16713.1312034948,0,13.9024554978871,13.4779477919784,13.2161508315008,11.6293581036358,0.85
19250,"2022","09","15",258,13.7705137359652,164.092894690893,515.513032467192,0.0286774687552895,0,16218.9598719158,0,13.8015944755235,13.366575802674,13.1938462785199,11.6158880929275,0.85
19251,"2022","09","16",259,13.131139011557,170.931862026788,536.99828200778,0.307714860596807,0,17042.6205367708,0,13.64160483966,13.4446277559218,13.1285688895992,11.6022355812852,0.85
19252,"2022","09","17",260,12.6724473597238,170.624147166191,536.031567262329,0.547106709966102,0,33941.2138964447,0,13.5646361200599,13.4306239124773,13.1084687654466,11.5884046142429,0.85
19253,"2022","09","18",261,13.3017756737124,170.077040456225,534.31278084157,0.2338345647517,0,39089.237571339,0,13.4719459027103,13.333757837343,13.089484875806,11.5743992902145,0.85
19254,"2022","09","19",262,13.6692717065695,169.843205891473,533.57816789079,0.209482307850521,0,43543.5543317332,0,13.1892765609026,13.3135164873385,13.0693835475058,11.56022375928,0.85
19255,"2022","09","20",263,12.9452754237825,169.633723583622,532.92005981139,0.233173800539544,0.03,18837.8440848027,0,13.170220441902,13.2925407187118,13.0496400029683,11.5458822219549,0.85
19256,"2022","09","21",264,13.2054492024884,176.298194587733,553.857112957966,0.146939496989849,0,23116.6463621214,0,13.0295211220774,13.2837634311155,12.9898658961891,11.5313789279464,0.85
19257,"2022","09","22",265,13.0709735067551,176.151255090743,553.395488913701,0.270048605143696,0,22826.2209822801,0,12.9200867888244,13.2667077122783,12.9696300051684,11.5167181748934,0.85
19258,"2022","09","23",266,13.5880483647471,175.8812064856,552.547106199669,0.144286977899103,0.01,28449.1359321965,0,12.9083399436413,13.2476036516702,12.9491816274015,11.5019043070935,0.85
19259,"2022","09","24",267,13.5657278391469,175.746919507701,552.125231216429,0.141305977848557,0.05,21069.2374115776,0,12.978143340206,13.225193941999,12.9282592606124,11.4869417142154,0.85
19260,"2022","09","25",268,13.4126936417299,175.655613529852,551.838385027191,0.186793850410407,0.03,25077.6399280769,0,13.2091240695285,13.2013040894924,12.9072383098635,11.4718348299984,0.85
19261,"2022","09","26",269,13.4574640605272,182.366464484092,572.921145084367,0.0246273492056914,1.03,15502.0553279798,0,13.2897450746685,13.1816301130993,12.8497463200799,11.4565881309382,0.85
19262,"2022","09","27",270,13.5670547484385,183.371837134886,576.079616418222,0.0209959363984995,0,19787.6442136057,0,13.3761133214043,13.1506137300833,12.8231782756413,11.4412061349608,0.85
19263,"2022","09","28",271,13.5550898396622,183.350841198488,576.013655738678,0.0792462042703394,0.01,17011.41020646,0,13.4928955509544,13.1284844668602,12.8008991913959,11.4256934000836,0.85
19264,"2022","09","29",272,13.3110803533053,183.281594994217,575.796112372053,0.0355496611619419,0.05,11987.2049421438,0,13.6113749327214,13.1056465560907,12.778987454724,11.4100545230647,0.85
19265,"2022","09","30",273,13.3022532841267,183.296045333055,575.841509450388,0.087409201446883,0.02,19358.6481932275,0,13.6678798364042,13.0815665367069,12.7569597400445,11.394294138041,0.85
19266,"2022","10","01",274,12.8951381341824,190.096280936259,597.205079664092,0.156008224128678,0.02,11823.481416435,0,13.561409848347,13.0552781778752,12.7023303640394,11.3784169151546,0.85
19267,"2022","10","02",275,13.2577968675704,189.96027271213,596.777797226342,0.119427388302789,0.03,23119.5348076565,0,13.4715867845561,13.0365652405404,12.6822046932654,11.3624275591694,0.85
19268,"2022","10","03",276,12.9588944400099,189.870845323827,596.49685280022,0.160687581010345,0,11501.5595661084,0,13.3376889820067,13.0181872821344,12.661084716935,11.3463308080765,0.85
19269,"2022","10","04",277,12.9148809782025,189.710157742817,595.992037876195,0.0940651506160691,0.04,10788.135125631,0,13.2786204299488,13.0006573101493,12.6409453772301,11.3301314316907,0.85
19270,"2022","10","05",278,13.2361957019043,189.656092592201,595.822187196204,0.164912827824463,0.2,28452.9961428511,0,13.1881475508575,12.982589453211,12.6209546495034,11.313834230237,0.85
19271,"2022","10","06",279,12.9882463458284,196.558824569027,617.507759264299,0.0549967701137205,0.95,10420.7778834808,0,13.0659596299825,12.9594379596896,12.5702915004051,11.2974440329277,0.85
19272,"2022","10","07",280,12.9024821058752,197.453827798913,620.319494836249,0.107670860812849,0.25,12874.7511293402,0,13.1580440884256,12.9375513433233,12.5480587088911,11.2809656965321,0.85
19273,"2022","10","08",281,12.7338162437972,197.5961569381,620.766635014311,0.180433862805219,0,12388.4985947558,0,13.1101249758553,12.9227724128119,12.5285234579915,11.2644041039369,0.85
19274,"2022","10","09",282,12.3304209337582,197.415723075295,620.199785316463,0.283976672682986,0.32,13212.616096755,0,12.986016567561,12.9106713374197,12.5109019380369,11.2477641626993,0.85
19275,"2022","10","10",283,12.147223440218,197.451746402612,620.31295593692,0.15862383148356,0.41,10267.7642945757,0,12.7003158109818,12.8964597922509,12.4929360205945,11.2310508035932,0.85
19276,"2022","10","11",284,12.0489966262301,204.570767375779,642.678019926973,0.302788633844663,0,20574.7362431685,0,12.2552355188492,12.8747966535968,12.4459130681258,11.2142689791475,0.85
19277,"2022","10","12",285,11.4362783039124,204.267978741934,641.726781379296,0.255195937671123,0.01,9457.80379666681,0,11.8810090363233,12.8647996569434,12.4311135344096,11.197423662179,0.85
19278,"2022","10","13",286,11.3467756343364,204.022782804263,640.956475622818,0.28831577817867,0,13650.4778913879,0,11.4705900878795,12.8544056551558,12.4151556500591,11.1805198443186,0.85
19279,"2022","10","14",287,10.9482087749176,203.734467026084,640.050704892178,0.419553062785044,0,10695.4208177084,0,10.9113379748394,12.8440414286501,12.3998892393675,11.1635625345324,0.85
19280,"2022","10","15",288,10.7940039464801,203.314913963299,638.732640072341,0.261020416849403,0,12198.2756276305,0,10.3481507736818,12.8340198740462,12.3856288037819,11.1465567576372,0.85
19281,"2022","10","16",289,10.554512434306,210.998995513785,662.872894220933,0.199027905268514,0.11,12165.0679376325,0,9.85760594482417,12.7590648267625,12.3393096447901,11.1295075528118,0.85
19282,"2022","10","17",290,10.7097642007996,210.909967608517,662.593204807777,0.249815653473685,0.03,15897.2619132369,0,9.37544437189877,12.7456997942978,12.3252682437473,11.1124199721035,0.85
19283,"2022","10","18",291,10.2614538437215,210.690151955043,661.90263356568,0.444862845184031,0.01,12708.631653258,0,9.00417744927228,12.7321621663411,12.3105194230653,11.0952990789313,0.85
19284,"2022","10","19",292,10.0547651078057,210.255289109859,660.536471645931,0.421010194318809,0,17923.7539821981,0,8.71075078419642,12.7184844152295,12.2968550767289,11.0781499465852,0.85
19285,"2022","10","20",293,8.82839806550834,113.920302866084,357.891186578814,0.242811935618108,0.65,5563.33546232196,0,10.0528323491948,10.9340391922055,10.9340391922055,11.0609776567234,0.85
19286,"2022","10","21",294,8.39842080638743,31.469173178568,98.8633232723343,0.0510435478184051,0.07,4080.14968399393,0,9.81055787670891,9.81055787670891,9.81055787670891,11.0437872978658,0.85
19287,"2022","10","22",295,8.32927351556333,31.4881296307496,98.9228767232461,0,1.12,3796.71039151643,0,9.8154006485351,9.8154006485351,9.8154006485351,11.0265839638869,0.85
19288,"2022","10","23",296,6.40947409273815,32.6081296307496,102.441460495267,0.1528353919952,0.3,3903.23482029981,0,9.75006017767481,9.75006017767481,9.75006017767481,11.0093727525058,0.85
19289,"2022","10","24",297,5.34318830951702,32.7552942387544,102.903791746643,0.101724062064145,0.38,3549.77330535951,0,9.45650234208875,9.45650234208875,9.45650234208875,10.9921587637758,0.85
19290,"2022","10","25",298,8.07617181125005,33.0335701766903,103.778021388933,0,0.04,3521.90572896376,0,8.9118843036174,8.9118843036174,8.9118843036174,10.9749470985733,0.85
19291,"2022","10","26",299,8.42434007888653,39.1781433363794,123.081767286857,0,1.18,3273.3548237481,0,8.7943904824977,8.7943904824977,8.7943904824977,10.9577428570862,0.85
19292,"2022","10","27",300,8.39205030995663,40.3581433363794,126.788846618093,0.030241455846497,0.29,4078.13943875426,0,8.86682989864511,8.86682989864511,8.86682989864511,10.9405511373026,0.85
19293,"2022","10","28",301,7.52916897428923,40.6179018805329,127.604902152113,0.0883498005022251,0.16,3269.84936992057,0,8.97116658229635,8.97116658229635,8.97116658229635,10.9233770335,0.85
19294,"2022","10","29",302,6.8663969808207,40.6895520800307,127.829997892484,0.0791300311274534,0,5254.13751193098,0,8.99321344195329,8.99321344195329,8.99321344195329,10.906225634736,0.85
19295,"2022","10","30",303,6.19270033232448,40.6104220489032,127.581403568015,0.0748771106808672,0,3658.63101328088,0,8.87000735479717,8.87000735479717,8.87000735479717,10.8891020233402,0.85
19296,"2022","10","31",304,6.18608350228192,46.6401180979115,146.524252378959,0.0304072319642132,0.01,2645.67087105968,0,8.86905334139021,8.86905334139021,8.86905334139021,10.8720112734083,0.85
19297,"2022","11","01",305,7.43373195597138,46.6197108659473,146.46014116894,0,0.09,2626.30675753822,0,8.61028568564484,8.61028568564484,8.61028568564484,10.8549584492983,0.85
19298,"2022","11","02",306,8.97684226995483,46.7097108659473,146.742884507763,0,0.06,2422.64772718075,0,8.36950392365981,8.36950392365981,8.36950392365981,10.8379486041301,0.85
19299,"2022","11","03",307,7.37104864226637,46.7697108659473,146.931380066979,0.199865732428014,0.1,3349.24643794895,0,8.31043777008477,8.31043777008477,8.31043777008477,10.8209867782878,0.85
19300,"2022","11","04",308,7.18580234774083,46.6698451335193,146.617642615638,0.104241730241172,0,3330.09918410013,0,8.40834870507041,8.40834870507041,8.40834870507041,10.8040779979265,0.85
19301,"2022","11","05",309,7.4289065391078,52.6701765629672,165.468239753495,0.132920881775108,0,5064.5488707825,0,8.60579760739449,8.63174813051756,8.63174813051756,10.7872272734828,0.85
19302,"2022","11","06",310,7.50996097354141,52.5372556811921,165.050656487802,0.0388403372862105,0,3189.33552517465,0,8.53702346618974,8.58117481253913,8.58117481253913,10.7704395981899,0.85
19303,"2022","11","07",311,7.10575588846228,52.4984153439059,164.928635969521,0.056157651091238,0,1970.94508451301,0,8.44817152847338,8.49771646816606,8.49771646816606,10.7537199465985,0.85
19304,"2022","11","08",312,6.86180878675009,52.4422576928147,164.752211505409,0.0579927316519396,0.03,2653.84659193208,0,8.38030261631229,8.43013499289555,8.43013499289555,10.737073273102,0.85
19305,"2022","11","09",313,7.01356507882508,52.4142649611628,164.664269745298,0.0844164581383717,0,2063.95569283555,0,8.31556356089499,8.36662290467547,8.36662290467547,10.7205045104691,0.85
19306,"2022","11","10",314,5.94446632108094,58.4344216627135,183.577149812349,0.10275822896294,0,1853.86753974729,0,8.28465387013068,8.4640056123161,8.4640056123161,10.7040185683817,0.85
19307,"2022","11","11",315,5.74731262563085,58.3316634337506,183.254325315143,0.0494948218647786,0,1661.53784187107,0,8.16025775521751,8.3922784860514,8.3922784860514,10.6876203319804,0.85
19308,"2022","11","12",316,5.47378110727402,58.2821686118858,183.098832746382,0.0402139515406485,0.02,1586.94609453321,0,7.99664630779631,8.28027358811187,8.28027358811187,10.6713146604164,0.85
19309,"2022","11","13",317,5.60729844920354,58.2619546603451,183.035328744722,0,0.3,1595.22421497846,0,7.80085031321119,8.12988882964208,8.12988882964208,10.6551063854121,0.85
19310,"2022","11","14",318,6.3511877041206,58.5619546603451,183.977806540799,0.00793509013975629,0.05,1612.63385374604,0,7.62154899824276,7.97598387907357,7.97598387907357,10.6390003098293,0.85
19311,"2022","11","15",319,6.81892309869477,64.7085927298945,203.288039544371,0,0.01,1508.30814322314,0,7.41232623480954,8.01723646473272,8.01723646473272,10.6230012062456,0.85
19312,"2022","11","16",320,6.99648849820045,64.7185927298945,203.319455470906,0,0.01,1350.0377888303,0,7.31087852155474,7.92649131535967,7.92649131535967,10.6071138155409,0.85
19313,"2022","11","17",321,7.27291083518645,64.7285927298945,203.350871397442,0,0.27,1732.38564438771,0,7.28844706054247,7.85800250574681,7.85800250574681,10.5913428454917,0.85
19314,"2022","11","18",322,7.5196635170883,64.9985927298945,204.199101413912,0,0.01,1300.69980147936,0,7.33873422009611,7.82992168779469,7.82992168779469,10.575692969377,0.85
19315,"2022","11","19",323,6.84409156924318,65.0085927298945,204.230517340447,0.238241668787905,0.17,1331.41230900425,0,7.411737374464,7.82513214129881,7.82513214129881,10.5601688245928,0.85
19316,"2022","11","20",324,5.72646782613236,71.0449242207957,223.194212006895,0.304210829504805,0,2926.08902743364,0,7.65101149644101,7.99455599131721,7.99455599131721,10.5447750112782,0.85
19317,"2022","11","21",325,5.25719489671906,70.7407133912909,222.238505499781,0.215007091723676,0.85,1172.25575006161,0,7.57066550408996,8.01073884918071,8.01073884918071,10.5295160909523,0.85
19318,"2022","11","22",326,5.35354291270818,71.3757062995673,224.233394555503,0.172637544131347,0,2604.47042619822,0,7.41022539064738,8.01339054452097,8.01339054452097,10.5143965851625,0.85
19319,"2022","11","23",327,4.90111817601161,71.2030687554359,223.691037715126,0.258714788556426,0.01,3355.38337193318,0,7.14574736846146,7.94998836689467,7.94998836689467,10.4994209741447,0.85
19320,"2022","11","24",328,5.05008494453983,70.9543539668795,222.909677162558,0.0514794903256456,0.14,1103.48466856144,0,6.88980258772125,7.84362959667629,7.84362959667629,10.4845936954957,0.85
19321,"2022","11","25",329,5.44006627607541,77.147447636243,242.365854737224,0.0135992044046516,0.04,1102.09295304594,0,6.79599759061523,7.87676786369457,7.87676786369457,10.469919142858,0.85
19322,"2022","11","26",330,5.16455302486389,77.1738484318383,242.448795282716,0.0446125453307348,0.3,1145.77980588688,0,6.59833343557938,7.77871150497987,7.77871150497987,10.4554016646184,0.85
19323,"2022","11","27",331,4.67225370712828,77.4292358865076,243.251118634123,0.111645352079312,0,2395.52419616591,0,6.45742573912122,7.68160761119589,7.68160761119589,10.441045562619,0.85
19324,"2022","11","28",332,4.30281561944776,77.3175905344283,242.900374416224,0.0532347055175342,0,560.832672121567,0.1,6.32168349543747,7.57791614274015,7.57791614274015,10.4268550908826,0.45
19325,"2022","11","29",333,4.53008196368467,77.2643558289108,242.733132656454,0.0496249713752417,0,588.871245982634,0.1,6.17372853896495,7.47823048539499,7.47823048539499,10.4128344543523,0.45
19326,"2022","11","30",334,4.26213713961761,83.3193040172246,261.755313402727,0.0965150443654413,0,590.134326312558,0.1,5.87693366197209,7.53037586603176,7.53037586603176,10.3989878076452,0.45
19327,"2022","12","01",335,4.07821966519327,83.2227889728592,261.452102448388,0.06376266309304,0.04,520.156651196371,0.1,5.68683193913495,7.44841729563689,7.44841729563689,10.3853192538216,0.45
19328,"2022","12","02",336,3.96342442443535,83.1990263097662,261.377449840585,0.0681563550330569,0.16,1038.86147042173,0,5.49469461579156,7.36149428830976,7.36149428830976,10.371832843169,0.85
19329,"2022","12","03",337,3.83289775766372,83.2908699547331,261.665985160892,0.19897519401237,0.07,1215.10803358924,0,5.31742353345896,7.27021076259052,7.27021076259052,10.3585325720019,0.85
19330,"2022","12","04",338,4.15744792578465,83.1618947607207,261.260797638888,0.0405755610589944,0.87,1075.6939868962,0,5.13459333099144,7.16820263134849,7.16820263134849,10.3454223814777,0.85
19331,"2022","12","05",339,4.61233444406429,90.0958923593509,283.044593554753,0,0,997.795104689163,0,5.09785755034363,7.23944095970512,7.23944095970512,10.3325061564289,0.85
19332,"2022","12","06",340,4.80680640901051,90.0958923593509,283.044593554753,0,0,957.898778475266,0,4.97390293998939,7.16214743618337,7.16214743618337,10.3197877242115,0.85
19333,"2022","12","07",341,4.35452603529393,90.0958923593509,283.044593554753,0.0978128948459151,0.01,938.699032222759,0,4.9142372787644,7.08410403978036,7.08410403978036,10.3072708535717,0.85
19334,"2022","12","08",342,4.10559993702543,90.0080794645049,282.768721209415,0.158790036211137,0,1005.02781321805,0,4.90978612127242,7.00456673415812,7.00456673415812,10.2949592535283,0.85
19335,"2022","12","09",343,4.31619697671522,89.8492894282938,282.269867598191,0.0860032209355777,0.05,987.964658528941,0,4.87485297161129,6.92875149121318,6.92875149121318,10.2828565722741,0.85
19336,"2022","12","10",344,4.1020385352017,95.9178593670474,301.334842335575,0.123615415032902,0,999.487101239562,0,4.88803515761987,7.0088477745274,7.0088477745274,10.2709663960948,0.85
19337,"2022","12","11",345,4.00030675538738,95.7942439520144,300.946493055837,0.104597713436566,0.25,985.057192484847,0,4.76409527885846,6.95902209943949,6.95902209943949,10.2592922483061,0.85
19338,"2022","12","12",346,3.9034483023878,95.9396462385779,301.40328781112,0.019732745890358,0.02,865.04164087528,0,4.64051045197999,6.91516916917885,6.91516916917885,10.2478375882101,0.85
19339,"2022","12","13",347,3.81555871855142,95.9399134926875,301.404127414667,0.0600886440245451,0.01,934.282842577762,0,4.51004299822819,6.86454154264646,6.86454154264646,10.2366058100696,0.85
19340,"2022","12","14",348,4.06962533536881,95.889824848663,301.246769298572,0.0657320729599601,0,1156.85782879764,0,4.38351928116521,6.80872908874426,6.80872908874426,10.225600242103,0.85
19341,"2022","12","15",349,4.25956332462016,101.928665935392,320.218348092836,0.017127003398649,0.08,861.813010312044,0,4.30772525876512,6.88734642561951,6.88734642561951,10.2148241454976,0.85
19342,"2022","12","16",350,4.42095457498766,101.991538931994,320.415869437068,0.0351210895646382,0.51,934.784500879843,0,4.21687057261443,6.840740462003,6.840740462003,10.2042807134434,0.85
19343,"2022","12","17",351,4.24265864085942,102.466417842429,321.907745533437,0.0261537988042024,0.33,931.34233632224,0,4.18981449536068,6.80293715247524,6.80293715247524,10.1939730701868,0.85
19344,"2022","12","18",352,4.19994719752833,102.770264043625,322.862306526935,0.0293195660194995,0.12,928.45269981278,0,4.18587969921259,6.76024896607254,6.76024896607254,10.183904270105,0.85
19345,"2022","12","19",353,4.75845905416094,102.860944477605,323.147187512152,0,0.05,926.060422750428,0,4.1604705736749,6.71293678217091,6.71293678217091,10.1740772968007,0.85
19346,"2022","12","20",354,4.83466401744147,109.015517637294,342.482349336612,0.0263398382165093,0.04,870.729674885016,0,4.21972677491232,6.79493104148219,6.79493104148219,10.1644950622183,0.85
19347,"2022","12","21",355,4.92059793190896,109.029177799078,342.525264000518,0.00811815663708472,0.19,979.273380994324,0,4.26281308063488,6.75721455487121,6.75721455487121,10.1551604057806,0.85
19348,"2022","12","22",356,4.53964038750047,109.211059642441,343.096662663448,0.082982398543054,0.7,872.246077196815,0,4.34881431765717,6.72599536404385,6.72599536404385,10.1460760935479,0.85
19349,"2022","12","23",357,4.25444135103652,109.828077243898,345.035080627321,0.104898941906851,0,1096.6030666722,0,4.43521704128875,6.70473956184605,6.70473956184605,10.1372448173978,0.85
19350,"2022","12","24",358,4.36913636791371,109.723178301991,344.705530882057,0.113967615917003,0,2531.40113816443,0,4.38890405086113,6.67140253039639,6.67140253039639,10.128669194228,0.85
19351,"2022","12","25",359,4.04216352240365,115.713783845763,363.525573248926,0.0998520791592205,0,309.269750897313,1.1,4.57760755412141,6.75967352185313,6.75967352185313,10.1203517651809,0.278688524590164
19352,"2022","12","26",360,3.88469287281652,115.613931766604,363.211878690594,0.0954679840162539,0,276.946399671404,1.1,4.42992353524795,6.73541434186427,6.73541434186427,10.1122949948901,0.278688524590164
19353,"2022","12","27",361,3.91998064040365,115.518463782587,362.911957173355,0.155306831388636,0.09,255.824038834369,1.1,4.26657904086954,6.71383607763795,6.71383607763795,10.1045012707506,0.278688524590164
19354,"2022","12","28",362,3.86266699182124,115.453156951199,362.706789711636,0.18595073356465,1.0224,417.976012822108,0.3876,4.10119199357979,6.69089330370514,6.69089330370514,10.096972902211,0.45
19355,"2022","12","29",363,4.07249999607819,116.289606217634,365.334572582169,0.0476494403741655,0.7176,804.846979891263,0,3.63728045998829,6.68215607378869,6.68215607378869,10.0897121200894,0.85
19356,"2022","12","30",364,4.03538141660101,123.064129936949,386.617366530339,0.0688479544669775,0.45,786.823989622503,0,3.85918357365637,6.77655937067868,6.77655937067868,10.0827210759123,0.85
19357,"2022","12","31",365,3.96059637143333,123.445281982482,387.814790996486,0.071510298718718,0.05,831.102150152229,0,3.75355074789468,6.75716064885341,6.75716064885341,10.0760018412768,0.85
19358,"2023","01","01",1,3.89803576343138,123.423771683763,387.747214400055,0.0680002453042818,0.29,565.621017698452,0,3.64467309900351,6.73181001599676,6.73181001599676,10.0695564072373,0.85
19359,"2023","01","02",2,3.81427248112641,123.645771438459,388.444647198506,0.0791575186557711,0.2,579.590531391356,0,3.56149720189603,6.70801298478676,6.70801298478676,10.0633866837149,0.85
19360,"2023","01","03",3,3.97797986479065,123.766613919803,388.824285050139,0.150858365106376,0,548.578339158255,0,3.47772879148812,6.67993010043659,6.67993010043659,10.057494498932,0.85
19361,"2023","01","04",4,3.6852286523677,129.720328714386,407.528431710369,0.0763297750102677,0,290.765074090168,0.1,3.35161690413662,6.74865231802283,6.74865231802283,10.0518815988699,0.45
19362,"2023","01","05",5,3.46245990933738,129.643998939376,407.288634649946,0.0752722621372888,0,398.688357319531,0.1,3.21671078709687,6.7166692396147,6.7166692396147,10.0465496467522,0.45
19363,"2023","01","06",6,3.24581561540901,129.568726677239,407.052159864197,0.110366989258939,0,307.739319226613,0.2,3.07121709339975,6.6866256718663,6.6866256718663,10.0415002225512,0.45
19364,"2023","01","07",7,3.23880198569088,129.45835968798,406.705431741542,0.0825999674617824,0,166.345477454083,1.3,2.9435540617431,6.65448255742336,6.65448255742336,10.0367348225205,0.253095591877167
19365,"2023","01","08",8,3.66516396442825,129.375759720518,406.445936290577,0.0660200848894391,0,200.41200901907,1.3,2.82758660872406,6.62127287840076,6.62127287840076,10.0322548587508,0.253095591877167
19366,"2023","01","09",9,2.98651451334109,135.414312795318,425.41661026868,0.0543886707892521,0,204.995966301487,1.3,3.04341127388602,6.68730196005373,6.68730196005373,10.0280616587521,0.253095591877167
19367,"2023","01","10",10,2.96844012934741,135.359924124528,425.24574322009,0.0771315384437407,0,143.458748429084,2.35,2.91415092311416,6.6545150630044,6.6545150630044,10.02415646506,0.181749962479364
19368,"2023","01","11",11,3.0179250486068,135.282792586085,425.003427345555,0.124153928610455,0,98.2689243217437,8.5,2.77354036001316,6.62365194325889,6.62365194325889,10.0205404348678,0.10518195843543
19369,"2023","01","12",12,2.95125979765925,135.158638657474,424.613386275518,0.124441761269834,0,147.743053142683,14.15,2.6346720124925,6.59064707677146,6.59064707677146,10.0172146396832,0.0922213311948676
19370,"2023","01","13",13,3.29654293023083,135.034196896204,424.222440952513,0.109373049231692,0,95.7499755968245,16.2,2.50771105731354,6.55618580420634,6.55618580420634,10.0141800650111,0.0897112962604146
19371,"2023","01","14",14,2.31292217073906,141.029397006662,443.056917576327,0.144353868654878,0,87.7433788209345,17.05,2.31198383848113,6.61854858673973,6.61854858673973,10.0114376100615,0.0888443553774215
19372,"2023","01","15",15,1.80757191327302,140.885043138007,442.603416523043,0.0977572723770572,0,86.5213514844237,17.4,2.16522190519333,6.58345122933878,6.58345122933878,10.008988087483,0.0885115606936416
19373,"2023","01","16",16,2.17074933309885,140.78728586563,442.296302994309,0.0633948414373962,0.25,89.8705659527452,17.15,2.0213013650461,6.55153605558411,6.55153605558411,10.0068322231219,0.0887479101298583
19374,"2023","01","17",17,2.13302262232628,140.973891024192,442.882540389571,0.0442678812731992,0.25,89.84590836218,16.9,1.88941087321132,6.52283986976988,6.52283986976988,10.0049706558074,0.0889911241228681
19375,"2023","01","18",18,3.06747280154309,141.179623142919,443.528866902371,0.0771206408029157,0.25,93.5140272979719,16.65,1.78227071793117,6.49327057602227,6.49327057602227,10.0034039371621,0.0892415061419847
19376,"2023","01","19",19,2.58572386006193,147.457075661805,463.250065618962,0.0582968101198199,0.149999999999999,110.758910397211,16.5,2.01410741122936,6.55732854254012,6.55732854254012,10.0021325314385,0.0893953090061372
19377,"2023","01","20",20,2.66571870135471,147.548778851686,463.538159686601,0.0590076993131531,0,109.142441180382,18.05,1.86658895385176,6.52572787845514,6.52572787845514,10.0011568153816,0.0879271665976955
19378,"2023","01","21",21,3.10063365761351,147.489771152372,463.352781531933,0.0468149380959705,0.51,112.979788980945,17.8,1.7499929347897,6.49488230610649,6.49488230610649,10.0004770781171,0.0881469704999117
19379,"2023","01","22",22,3.13367803796928,147.952956214276,464.807920319663,0.06758339880832,1.2548,114.840997392331,16.9052,1.68426856354796,6.47113971998664,6.47113971998664,10.0000935210659,0.0889859933567164
19380,"2023","01","23",23,3.28463817057508,149.140172815468,468.537671272187,0.198497227250819,0.9572,228.237794878047,15.948,1.66794229074821,6.45757209623252,6.45757209623252,10.0000062578841,0.0899857346647647
19381,"2023","01","24",24,2.92160867523864,156.003448747907,490.099288521095,0.0310859102030107,0.816800000000001,214.625459071102,15.1312,1.47664155786339,6.4670118780374,6.52720673902195,10.0002153144297,0.0909368137559561
19382,"2023","01","25",25,2.70438788468101,156.789162837703,492.567682133423,0.0741134165237637,0,140.538420088864,17.5812,1.36538417673279,6.43709365806973,6.50683176099989,10.0007206287547,0.0883443821103687
19383,"2023","01","26",26,2.1837105497429,156.71504942118,492.33484796854,0.0804412909311055,0.25,156.000843473032,17.3312,1.26678166669984,6.40210565882177,6.47795642758462,10.0015220511237,0.0885759361682836
19384,"2023","01","27",27,1.84383688407593,156.884608130249,492.867532363303,0.0714979128075447,0.25,160.770888833056,17.0812,1.21191160240289,6.37367500559066,6.45245409040194,10.0026193440579,0.0888141454553816
19385,"2023","01","28",28,2.66236855836416,157.063110217441,493.428313209077,0.0758442393332322,0,155.245275291647,22.1312,1.16539705379478,6.34504189399365,6.42624002858776,10.0040121824056,0.0850312923230451
19386,"2023","01","29",29,2.01622781882418,163.091839137797,512.368123695751,0.0917527735271063,0.25,207.158472092858,21.8812,1.38465714032299,6.34284062490201,6.48329083006894,10.0057001534389,0.0851780649114271
19387,"2023","01","30",30,1.47128413530118,163.25008636427,512.86527201989,0.0909546582306916,0.25,303.545802155419,21.6312,1.25212084053169,6.29977701945239,6.4553550064258,10.0076827569755,0.0853281813873802
19388,"2023","01","31",31,1.42295875623643,163.409131706039,513.36492769718,0.0708493628395059,0.25,552.211757599151,21.3812,1.15332617726165,6.26756573310854,6.43104151838668,10.0099594055271,0.0854817573422318
19389,"2023","02","01",32,1.47587130455838,163.5882823432,513.927746022769,0.0528798501562779,0.25,487.114343692396,21.1312,1.05654664924305,6.2376571883571,6.40660776032428,10.0125294244737,0.0856389137570874
19390,"2023","02","02",33,2.32795485196505,163.785402493043,514.547017237393,0.115589213277321,0,202.138933615881,24.0812,0.966433211850472,6.20859609125489,6.381923568329,10.0153920522632,0.083989703398862
19391,"2023","02","03",34,1.59690402385769,169.774386439455,533.361965205907,0.104221258747132,0.25,243.038492488459,23.8312,1.14322636352921,6.20300033315135,6.4378773759023,10.0185464406371,0.084113838915946
19392,"2023","02","04",35,1.10520388775467,169.920165180708,533.819942628477,0.118451920977301,0.0500000000000007,264.308185607136,23.7812,1.01383691597664,6.16014560832764,6.41079874624597,10.0219916548823,0.0841389751166148
19393,"2023","02","05",36,0.945424158729736,169.851713259731,533.60489457641,0.0875712677199058,0.149999999999999,416.272993549969,23.6312,0.938390468558509,6.1212646514918,6.38459907822414,10.0257266741072,0.0842150135302174
19394,"2023","02","06",37,0.775293931766612,169.914141992011,533.801020223114,0.0929961569182779,0.25,403.507858126648,23.3812,0.867741265737095,6.08813871105986,6.35993493294478,10.0297503915451,0.0843438834590907
19395,"2023","02","07",38,1.50621803849094,170.071145835093,534.294262343125,0.0808669745050178,0.25,308.356974873504,23.1312,0.788958425630028,6.05777875794587,6.33597817464721,10.0340616148817,0.0844755015695373
19396,"2023","02","08",39,1.0827172169806,176.344852020277,554.003691605281,0.101642170620963,0.25,444.594177787728,22.8812,0.382905325664524,6.05128123629459,6.39550852869479,10.0386590666085,0.0846099567174217
19397,"2023","02","09",40,0.670028212070861,176.493209849656,554.46977147216,0.126959304318081,0.149999999999999,412.577773245785,22.7312,0.252434931950575,6.01041484751977,6.36907223686831,10.0435413844013,0.084692029991669
19398,"2023","02","10",41,0.367997944153501,176.516250545338,554.542155952448,0.0831738866939767,0,289.896945040905,23.3812,0.158796687218626,5.97161670036905,6.34514258986246,10.048707121524,0.0843438834590907
19399,"2023","02","11",42,0.516387893211686,176.433076658644,554.28085748104,0.0947277599996338,0.25,474.810011275009,23.1312,0.0580097840283997,5.9332158614904,6.31952438296673,10.0541547472571,0.0844755015695373
19400,"2023","02","12",43,1.49408020124912,176.588348898644,554.768659609531,0.0775372148200195,0.25,333.803900488126,22.8812,-0.000283949077697798,5.90160053109628,6.29670527061381,10.0598826473516,0.0846099567174217
19401,"2023","02","13",44,1.4106256937481,182.865384843513,574.488549620251,0.0944689206811059,0.25,976.986546562908,22.6312,0.0190226218529688,5.88360588086158,6.35587359115686,10.0658891245071,0.0847473416309312
19402,"2023","02","14",45,1.18669901997436,183.020915922832,574.977164916445,0.0722181173739417,0.25,405.615245546227,22.3812,-0.00245735559406057,5.84580102254876,6.33012067502699,10.0721723988748,0.0848877531238433
19403,"2023","02","15",46,1.02471692551012,183.198697805458,575.535683172844,0.0616749120797826,0.25,1057.08383319916,22.1312,-0.00938391243170145,5.80963725218163,6.30905267922236,10.0787306085849,0.0850312923230451
19404,"2023","02","16",47,0.737472180898919,183.387022893378,576.127323885541,0.0610636934542076,0.25,434.135586865593,21.8812,-0.038573933615794,5.77566439112616,6.28791804198465,10.0855618102982,0.0851780649114271
19405,"2023","02","17",48,1.96200672764388,183.575959199924,576.720884798181,0.10859924575181,0,416.593040444321,22.0312,-0.0838297892050832,5.74271149505279,6.26638729437167,10.0926639797824,0.0850896072745498
19406,"2023","02","18",49,1.75784368061375,191.116390123263,600.409847191843,0.107659070471743,0.25,451.207389690736,21.7812,-0.087110188135739,5.73742319550422,6.34110693738154,10.1000350125113,0.085237703879365
19407,"2023","02","19",50,2.086638508585,191.258731052791,600.857024410354,0.061356534700185,0.0500000000000007,434.880602969736,21.7312,-0.087214136417856,5.70097081014814,6.31520334373931,10.1076727242888,0.0852677262500906
19408,"2023","02","20",51,2.49017214307548,191.247374518091,600.82134680437,0.0159982829765357,0.36,500.290180497976,21.4812,-0.0941940998370114,5.65977255563195,6.29292785892324,10.115574851896,0.0854199042043641
19409,"2023","02","21",52,2.73358113154075,191.591376235114,601.902060071393,0,0.9608,487.319928355435,20.5604,-0.104154917172423,5.62819471877697,6.27526721727389,10.1237390537622,0.0860118415758109
19410,"2023","02","22",53,2.93872938540966,192.552176235114,604.920502292962,0.0265105855693689,0.978000000000002,494.912108122976,19.5824,-0.106110247030358,5.61232227319289,6.26512301428448,10.1321629106579,0.086700546799614
19411,"2023","02","23",54,2.90798529741227,201.134382099156,631.882297187032,0.0274381454556702,0.949999999999999,514.205290495908,18.6824,-0.624217773140685,5.61157411305925,6.35043338711506,10.1408439264127,0.0873969764601844
19412,"2023","02","24",55,2.90659438467003,202.056943953701,634.780610731751,0,0.9208,545.014766166831,17.7616,-0.603890863655863,5.59512784258231,6.33464057670892,10.1497795286542,0.0881812710214197
19413,"2023","02","25",56,2.91454986624353,202.977743953701,637.673389247176,0,0.853200000000001,578.085117163724,16.9084,-0.584767824837684,5.39755874669078,6.32523518372381,10.1589670695706,0.0889828375020321
19414,"2023","02","26",57,2.90846078293072,203.830943953701,640.353796099219,0.0452911467446658,1.134,1744.60930995157,15.7744,-0.567068449675901,5.37798781393104,6.31537134324952,10.1684038266953,0.0901797931583135
19415,"2023","02","27",58,3.03669126481333,204.919652806956,643.774075834504,0.0993733211858911,0.998799999999999,1446.23261919086,14.7756,-0.549253335999367,5.36424074953709,6.30849297078049,10.1780870037134,0.0913830413231903
19416,"2023","02","28",59,3.00567248863604,213.449795935382,670.572310820835,0.073635517033611,0.827199999999999,1327.086200624,13.9484,-0.499578310385346,5.32105252279342,6.38990637452207,10.1880137312907,0.0925071370481505
19417,"2023","03","01",60,2.98365533069983,214.203360418348,672.939703464529,0.0766688881224664,0.879199999999999,1174.29482729493,13.0692,-0.486296250395071,5.30161487105448,6.37360397823505,10.1981810679235,0.0938542183437434
19418,"2023","03","02",61,2.95908364134431,215.005891530225,675.46092930988,0.140947547030715,0.8116,1484.28051074657,12.2576,-0.473361042095064,5.28276677091117,6.36457630421,10.2085860008106,0.0952649529142275
19419,"2023","03","03",62,2.94514730079175,215.676543983195,677.567846129241,0.0692347673554738,0.785600000000001,2210.1228163086,11.472,-0.461495672350452,5.26040559254335,6.35440286679318,10.2192254467457,0.0968155287091083
19420,"2023","03","04",63,3.05704532200252,216.392909215839,679.818373881404,0.148600337000655,0.7324,1441.56029746018,10.7396,-0.449927433058292,5.23887809773788,6.3449088697559,10.2300962530314,0.0984596012591815
19421,"2023","03","05",64,2.80009685468247,224.60742532845,705.625037353577,0.0936932784183435,0.640000000000001,1752.42835518809,10.0996,-0.52036425517008,5.16061260469507,6.42074783316491,10.2411951984133,0.10008557053424
19422,"2023","03","06",65,2.74439955703622,225.153732050032,707.341310536704,0.281353860149339,0.26,1115.37984415018,9.8496,-0.515544094049176,5.13659401870706,6.4034351467696,10.2525189940342,0.100776326145128
19423,"2023","03","07",66,2.52085911544623,225.132378189882,707.274225406533,0.237646186754318,0.6816,1433.11552222731,9.168,-0.512996186611076,5.09931355897942,6.38644322101419,10.2640642844091,0.102844609414544
19424,"2023","03","08",67,2.58992109307803,225.576332003128,708.668947444759,0.171296005323956,0.15,2568.04112157997,9.018,-0.508412077464186,5.07216145578741,6.37554263426426,10.2758276484194,0.103340333433335
19425,"2023","03","09",68,2.83576983940753,225.555035997804,708.602044070883,0.107952544838594,0,994.52002622279,9.368,-0.505652370240853,5.03380825912137,6.35893603351161,10.2878056003263,0.102207534699273
19426,"2023","03","10",69,2.11615349974312,233.077799902577,732.235503888808,0.106576028158465,0,1002.17868959395,9.718,-0.473015750172067,5.16751026389818,6.42676875544771,10.2999945908043,0.101153769485309
19427,"2023","03","11",70,2.55393943100705,232.971223874419,731.900685421696,0.231311125145698,0,1009.72545821742,11.868,-0.470673285812097,5.13023345149827,6.40342686849129,10.3123910079924,0.0960089303302909
19428,"2023","03","12",71,2.75009750737706,232.739912749273,731.174000090245,0.0388485409165731,0.33,987.962274816523,11.618,-0.468827855328016,5.08992822049947,6.38529300476893,10.3249911785647,0.0965119163342608
19429,"2023","03","13",72,2.82541025626807,233.031064208356,732.088679375183,0.0750817875671275,0.884399999999999,1040.19045800317,10.7336,-0.465387673840326,5.0611913030321,6.37338405438146,10.3377913688186,0.0984739700238939
19430,"2023","03","14",73,3.06125944383803,233.840382420789,734.631227525779,0.0655382745505562,0.9208,1068.95510538692,9.8128,-0.460410214354681,5.0443566749442,6.3667538367983,10.3507877857815,0.100880884676145
19431,"2023","03","15",74,2.86835885201089,242.32636059585,761.290714219073,0.0635249255999438,0.827199999999999,1147.03907484237,8.9856,-0.427915789256929,4.93886597204965,6.44326299804737,10.3639765783347,0.103449509719594
19432,"2023","03","16",75,2.75937377363874,243.09003567025,763.689870222538,0.0794452773193809,0.7232,2391.19108367894,8.2624,-0.42362422703593,4.92331610200915,6.42874404913903,10.3773538383543,0.106101100540944
19433,"2023","03","17",76,2.5164601652445,243.733790392931,765.712285330025,0.109634394259616,0.6504,1542.84286633234,7.612,-0.419696590538251,4.90545035775762,6.41995746367996,10.3909156018693,0.108898980724594
19434,"2023","03","18",77,2.5078099969528,244.274555998671,767.411150584333,0.133541942512248,0.25,1862.56315881949,7.362,-0.41619612923796,4.88550004666968,6.4107675454448,10.4046578502366,0.11010055749492
19435,"2023","03","19",78,2.8819580598651,244.391014056159,767.777014362188,0.129414270438981,0.64,2268.8431101083,6.722,-0.414610016948814,4.85595644203954,6.39723192533847,10.4185765113315,0.113565622690843
19436,"2023","03","20",79,2.98444363907095,252.532316235331,793.353669478931,0.169162751971568,0.25,1663.04805236203,6.472,-0.386989679039289,4.71217539625502,6.4693270983874,10.4326674607541,0.115096652522395
19437,"2023","03","21",80,2.89567851297528,252.61315348336,793.607627183474,0.300244410108433,0.7992,3484.20306116447,5.7228,-0.386081867843359,4.68306253012173,6.44865684540207,10.4469265230522,0.120444120569725
19438,"2023","03","22",81,3.01664611619213,253.112109073251,795.175142399144,0.141147116566801,0.8584,1902.0658201706,4.8644,-0.383840425525136,4.66338359778371,6.43977601849156,10.4613494729578,0.1284726233686
19439,"2023","03","23",82,3.08783728596893,253.829361956684,797.428458788504,0.0660821957420914,0.8428,4654.67030330348,4.0216,-0.380991863309248,4.648707564392,6.43343199397322,10.4759320366396,0.13944733444014
19440,"2023","03","24",83,3.24396726049207,254.606079760942,799.868589736273,0.0568647101209096,0.8636,3241.72615953938,3.158,-0.377979869695594,4.635366943983,6.3710784492925,10.4906698929693,0.156217897040193
19441,"2023","03","25",84,3.24838464418474,263.043531500433,826.375626136075,0.079128149064143,1.056,5522.09448065565,2.102,-0.351665918209903,4.79375889033685,6.46590649727432,10.5055586748019,0.193010094324011
19442,"2023","03","26",85,3.24811684383872,264.020403351369,829.444559566474,0.0187640735512722,0.7852,5303.50180864105,1.3168,-0.518513995315004,4.45348447235693,6.39437149733357,10.5205939702701,0.251231372549019
19443,"2023","03","27",86,3.2964595991657,264.786839277817,831.852389042453,0,0.728,10238.2105563207,0.588800000000001,-0.515055560107157,4.44079771991471,6.38117348430154,10.5357713240913,0.39556814159292
19444,"2023","03","28",87,3.22300235472022,265.514839277817,834.139468494266,0,0.638800000000001,12635.1317472657,0,-0.511691759031976,4.42717431588244,6.37065502384235,10.5510862388881,0.85
19445,"2023","03","29",88,3.72367505510073,266.153639277817,836.146317881379,0,0.05,13461.645773855,0,-0.508598877898123,4.41129494412576,6.36036986761178,10.5665341765206,0.85
19446,"2023","03","30",89,3.7185479128018,273.834355727429,860.276000253784,0,0,16623.9152910033,0,-0.48159142177343,4.55462888750787,6.38732520248453,10.5821105594317,0.85
19447,"2023","03","31",90,3.46287577151242,273.834355727429,860.276000253784,0,0.12,13907.0467158054,0,-0.480702333533713,4.5257192433981,6.36073233117929,10.5978107720027,0.85
19448,"2023","04","01",91,3.48198872286918,273.954355727429,860.652991372215,0.118606338963774,0,32466.7915438251,0,-0.47936127115571,4.49912800698672,6.33899262854146,10.6136301619219,0.85
19449,"2023","04","02",92,3.28064973104443,273.835749388465,860.280378569057,0.12862309829166,0.01,18286.9477963839,0,-0.478748740994547,4.46682681629557,6.31633245371398,10.6295640415627,0.85
19450,"2023","04","03",93,3.52887501283232,273.717126290173,859.907713114918,0.189386929263342,0,26479.2008411204,0,-0.478073762405302,4.43402645846169,6.29547906393009,10.6456076893727,0.85
19451,"2023","04","04",94,3.66789585124565,281.158455810521,883.285339268985,0.245493062712716,0,39187.5354929249,0,-0.453111202435025,4.18625124607718,6.39157954707633,10.6617563512727,0.85
19452,"2023","04","05",95,3.30841291499576,280.912962747809,882.514100066659,0.190331208788773,0.23,16282.8112833362,0,-0.452768028516005,4.14969036596506,6.36395919360689,10.6780052420657,0.85
19453,"2023","04","06",96,3.2733156057364,280.95263153902,882.638723249705,0.369856324800058,0,24844.8655448039,0,-0.451453949499637,4.1196145844699,6.34298818962475,10.6943495468548,0.85
19454,"2023","04","07",97,3.25131224264618,280.58277521422,881.47678533683,0.144085693925515,0.04,18769.1594478243,0,-0.451334043379859,4.47044678760301,6.31805675760739,10.7107844224695,0.85
19455,"2023","04","08",98,3.56818554922012,280.478689520294,881.149790485449,0.164091462536201,0,36436.538153532,0,-0.450301402713706,4.43881291503175,6.29890724158111,10.7273049989017,0.85
19456,"2023","04","09",99,3.47192639037644,287.94531450737,904.606884691955,0.150164387575131,0.49,17010.2675593963,0,-0.426227889676568,4.18881746105092,6.31504497720118,10.7439063807479,0.85
19457,"2023","04","10",100,3.61404725396909,288.285150119794,905.674509755377,0.219532458725277,0,44088.5997120242,0,-0.423832312698266,4.16726714207999,6.29987738839958,10.7605836486605,0.85
19458,"2023","04","11",101,3.51330035163852,288.065617661069,904.984828195821,0.167066432744923,0.16,26225.3054533793,0,-0.423015974412237,4.13299470995742,6.27528811726421,10.777331860805,0.85
19459,"2023","04","12",102,3.36785329746039,288.058551228324,904.962628342623,0.042769479592746,0,16742.8470738633,0,-0.421478495202052,4.10349140353645,6.25516612218155,10.7941460543247,0.85
19460,"2023","04","13",103,3.47708137424848,288.015781748732,904.828264059736,0.147909487113005,0.05,25394.5721777738,0,-0.419922418128522,4.07298322886396,6.23561471906947,10.8110212468112,0.85
19461,"2023","04","14",104,3.64633065655954,295.54858871123,928.493275074031,0.119853268488996,0,36064.7793335885,0,-0.396618453423685,4.21659616756273,6.33461999161614,10.8279524377808,0.85
19462,"2023","04","15",105,3.57431938645021,295.428735442741,928.116744926238,0.163977381895753,0,40006.2786661941,0,-0.395114993837183,4.1866183332657,6.3130622934749,10.8449346101561,0.85
19463,"2023","04","16",106,3.80285413011671,295.264758060845,927.601594787919,0.239854632691081,0,51267.0882945644,0,-0.393591725183057,4.15590159286734,6.29009015810004,10.8619627317531,0.85
19464,"2023","04","17",107,3.83651396500773,295.024903428154,926.848069235927,0.160197439303496,0,39145.9346008067,0,-0.39214281418441,4.12374904337975,6.26703191676091,10.8790317567717,0.85
19465,"2023","04","18",108,4.14922003456746,294.864705988851,926.344794137487,0.130978352989317,0,50684.5460139818,0,-0.390334177385625,4.09365512306772,6.24632051356133,10.8961366272915,0.85
19466,"2023","04","19",109,4.33326443464483,302.364444085473,949.905916245683,0.131588243828434,0,53701.6368781677,0,-0.367760610211349,3.80798316552631,6.2510503368249,10.9132722747702,0.85
19467,"2023","04","20",110,4.55450097042689,302.232855841644,949.492519585573,0.112919946214649,0,54259.6787624099,0,-0.365540731151896,3.78045482187298,6.23090664910603,10.9304336215456,0.85
19468,"2023","04","21",111,4.23609197241154,302.11993589543,949.137771112101,0.137922777067532,0,36357.1666162344,0,-0.362373260514801,3.75351196512986,6.20996428051302,10.9476155823403,0.85
19469,"2023","04","22",112,3.64845524290553,301.982013118362,948.704473928903,0.113134223424163,0.16,19027.1145796419,0,-0.358160166900916,3.72594548966975,6.18866784644047,10.9648130657685,0.85
19470,"2023","04","23",113,3.62762995118936,302.028878894938,948.851707108298,0.235429560380476,0,28115.885298088,0,-0.352609457201083,3.7026586900065,6.17080787223074,10.9820209758447,0.85
19471,"2023","04","24",114,3.48833992640419,309.424165784169,972.084686070695,0.208597132765752,0.01,24915.8354028562,0,-0.328393975097583,3.85324064430409,6.15907170243059,10.9992342134938,0.85
19472,"2023","04","25",115,3.42699652493002,309.225568651403,971.460774777374,0.255873624504341,0,20899.3379393573,0,-0.323347816643377,3.82571923390799,6.1383341662646,11.016447678062,0.85
19473,"2023","04","26",116,3.40241106072915,308.969695026899,970.656924078384,0.234256405206145,0,19747.585076611,0,-0.318471115589716,3.79673172256958,6.11607411441946,11.0336562688282,0.85
19474,"2023","04","27",117,3.55570667223918,248.022303841566,779.18504767508,0.165760769003356,0,37135.2272300767,0,3.39581824076265,3.40241118078484,4.54194297747085,11.0508548865155,0.85
19475,"2023","04","28",118,3.6161295097632,187.211903928639,588.143542046772,0.129442271121148,0,21182.8704904821,0,3.55162927700729,3.56365356077623,4.34499264701543,11.0680384348025,0.85
19476,"2023","04","29",119,3.34831646983355,141.7355739107,445.275437750187,0.101046040702381,0,17280.7515607528,0,3.61265412324087,4.27791315327772,4.27791315327772,11.0852018218328,0.85
19477,"2023","04","30",120,3.51008114353607,81.0546034543747,254.640546751897,0.165253130688211,0,32014.586593364,0,3.35791793581632,4.07114269266486,4.07114269266486,11.1023399617245,0.85
19478,"2023","05","01",121,3.2359747396946,20.245218818078,63.6022307091917,0.139763258483312,0,23541.0101106715,0,3.90413830680069,3.90413830680069,3.90413830680069,11.1194477760769,0.85
19479,"2023","05","02",122,3.23086693618535,20.1054555595947,63.1631514830988,0.186325259445104,0.02,20253.0791247213,0,3.96812089739723,3.96812089739723,3.96812089739723,11.1365201954754,0.85
19480,"2023","05","03",123,6.73897961361797,19.9391303001496,62.6406252699196,0.085004844745682,0,27576.2333581109,0,4.00713197936392,4.00713197936392,4.00713197936392,11.1535521609935,0.85
19481,"2023","05","04",124,4.64463133528398,27.4848419050153,86.3461774138731,0.261508209345918,0,19271.0768876236,0,5.50086843943353,5.50086843943353,5.50086843943353,11.1705386256925,0.85
19482,"2023","05","05",125,4.26021015330525,27.2233336956694,85.5246251445385,0.161285869870145,1.7,15755.148892954,0,5.50399788071729,5.50399788071729,5.50399788071729,11.1874745561161,0.85
19483,"2023","05","06",126,3.67579809438797,28.7620478257993,90.3586381517293,0.11571252340188,0.05,16006.504461262,0,5.43844486037108,5.43844486037108,5.43844486037108,11.2043549337827,0.85
19484,"2023","05","07",127,3.42883306823154,28.6963353023974,90.1521961709611,0.110470636134216,0,17109.1084770533,0,5.11340127153767,5.11340127153767,5.11340127153767,11.2211747566721,0.85
19485,"2023","05","08",128,6.66363377927331,28.5858646662632,89.8051424320445,0.108225978534945,0,32332.5826129126,0,4.8161666972772,4.8161666972772,4.8161666972772,11.2379290407077,0.85
19486,"2023","05","09",129,6.25630799259534,36.1083551373397,113.437743232678,0.104202785479073,0.2,18388.0119912181,0,5.63493591344019,5.63493591344019,5.63493591344019,11.2546128212337,0.85
19487,"2023","05","10",130,8.99905613280725,36.2041523518606,113.738699058051,0,0.38,21607.9235532539,0,5.78135060477189,5.78135060477189,5.78135060477189,11.2712211544857,0.85
19488,"2023","05","11",131,11.0365598123096,36.5841523518606,114.932504266415,0.0266550457886669,0,33045.4955185339,0,6.04569782113498,6.04569782113498,6.04569782113498,11.2877491190563,0.85
19489,"2023","05","12",132,11.4493833149618,36.5574973060719,114.848764970384,0.35253712611392,0,50444.8471754026,0,6.61761419003437,6.61761419003437,6.61761419003437,11.3041918173527,0.85
19490,"2023","05","13",133,12.2101654016176,36.204960179958,113.741236924867,0.236228417522972,0,44092.0117492116,0,7.37801658051666,7.37801658051666,7.37801658051666,11.3205443770486,0.85
19491,"2023","05","14",134,10.5135784983364,43.5994482120464,136.971706203534,0.188279074548096,0.36,19528.3081497731,0,8.29267412250317,8.29267412250317,8.29267412250317,11.3368019525277,0.85
19492,"2023","05","15",135,10.1450688200874,43.7711691374983,137.511183401401,0.10763494534244,0.01,19139.3785346341,0,8.65957699448984,8.65957699448984,8.65957699448984,11.3529597263195,0.85
19493,"2023","05","16",136,10.1122313632778,43.6735341921559,137.20445417438,0.109724921956445,0,23274.2132545171,0,8.81200457010266,8.81200457010266,8.81200457010266,11.3690129105269,0.85
19494,"2023","05","17",137,10.2266358577797,43.5638092701995,136.859743165646,0.0892819026581002,0.66,24189.7684223716,0,8.83660171809697,8.83660171809697,8.83660171809697,11.3849567482449,0.85
19495,"2023","05","18",138,11.3786677087512,44.1345273675414,138.652706947526,0.0658123631639857,0,34084.8153182509,0,8.86478513323357,8.86478513323357,8.86478513323357,11.4007865149704,0.85
19496,"2023","05","19",139,11.2411924430469,51.6994314539888,162.41855405062,0.15863971813048,0.02,32831.1071086776,0,9.15316329913247,9.06081554923253,9.06081554923253,11.4164975200018,0.85
19497,"2023","05","20",140,10.4734835950958,51.5607917358583,161.983004530646,0.206182537952495,0,27366.4974023344,0,9.19120885879306,9.10611634395781,9.10611634395781,11.4320851078293,0.85
19498,"2023","05","21",141,10.8240603373258,51.3546091979058,161.335262984116,0.0802862326476037,0.12,27580.0579623894,0,9.28276801158268,9.19910104739398,9.19910104739398,11.4475446595142,0.85
19499,"2023","05","22",142,9.98928006757529,51.3943229652582,161.460027463876,0.154585868311289,0.09,22763.8787225121,0,9.34317572164497,9.26563450520399,9.26563450520399,11.4628715940577,0.85
19500,"2023","05","23",143,9.99606169594455,51.3297370969469,161.257124974464,0.101929069044447,0,22798.1847531153,0,9.37142129124709,9.30020084286917,9.30020084286917,11.4780613697582,0.85
19501,"2023","05","24",144,9.70220663970832,58.8585244775139,184.909508099693,0.0730790018385257,0.08,20749.1404647224,0,9.72941001957292,9.41334530677352,9.41334530677352,11.4931094855575,0.85
19502,"2023","05","25",145,9.68134996500294,58.8654454756754,184.931251056672,0.150544335415729,0.09,20331.5898908986,0,9.58062480323269,9.33146577938118,9.33146577938118,11.5080114823741,0.85
19503,"2023","05","26",146,9.07117611455374,58.8049011402597,184.741045417314,0.154073890434557,1.93,19208.7796297219,0,9.46086220716592,9.25223350675975,9.25223350675975,11.5227629444246,0.85
19504,"2023","05","27",147,8.31774680791261,60.5808272498251,190.320281836443,0.14664202778373,0.27,19493.7169235477,0,9.46191278516011,9.21629164589388,9.21629164589388,11.5373595005326,0.85
19505,"2023","05","28",148,9.56753630045097,60.7041852220414,190.707822335719,0.111307380147038,0,28046.1782131088,0,9.332082871762,9.13957589419584,9.13957589419584,11.5517968254233,0.85
19506,"2023","05","29",149,10.1573347262631,68.2235942915057,214.330742627685,0.24565635688045,0,51093.1757948706,0,9.45393925749909,9.18475532090076,9.18475532090076,11.566070641006,0.85
19507,"2023","05","30",150,11.6975194204715,67.9779379346253,213.558990421602,0.202547747363268,0,59280.0660103132,0,9.33390876386602,9.07387230759247,9.07387230759247,11.5801767176409,0.85
19508,"2023","05","31",151,10.8990391272603,67.775390187262,212.922667906484,0.275570299096919,0,34419.5712086356,0,9.37301482849676,9.01116756186519,9.01116756186519,11.5941108753931,0.85
19509,"2023","06","01",152,11.5912568728558,67.4998198881651,212.056938279294,0.293443944088834,0.02,62678.0170580805,0,9.56515393566423,9.01419483444965,9.01419483444965,11.607868985271,0.85
19510,"2023","06","02",153,13.1908320137147,67.2263759440763,211.197888793376,0.250139251732733,0,80830.872786088,0,9.65077345139588,9.08277471069175,9.08277471069175,11.6214469704497,0.85
19511,"2023","06","03",154,14.2404740813539,74.606953141955,234.384655897484,0.267407148860279,0,73301.0175512284,0,10.5039648927327,9.29489494160634,9.29489494160634,11.6348408074791,0.85
19512,"2023","06","04",155,14.8888599432606,74.3395459930947,233.544571563107,0.316290566809834,0,74152.4640413971,0,10.6100034778565,9.37424864871639,9.37424864871639,11.6480465274763,0.85
19513,"2023","06","05",156,16.0033149359471,74.0232554262848,232.550915442017,0.31744859901429,0.01,77835.2946364261,0,11.0150084202276,9.51184224983592,9.51184224983592,11.6610602173014,0.85
19514,"2023","06","06",157,16.5059202683151,73.7158068272706,231.585037181998,0.345589948413085,0,74440.1604019348,0,11.4955092512891,9.70597921400093,9.70597921400093,11.6738780207172,0.85
19515,"2023","06","07",158,16.5476545706314,73.3702168788575,230.499334338908,0.245210203753819,0,62813.8172173686,0,12.0324482498517,9.95140936746714,9.95140936746714,11.6864961395321,0.85
19516,"2023","06","08",159,16.4730470046429,80.7557231247151,253.701586503936,0.1043937912782,0.2,43697.1379128827,0,13.3633708643279,10.2531859677009,10.2531859677009,11.6989108347249,0.85
19517,"2023","06","09",160,16.4183380884448,80.8513293334369,254.001942266894,0.126874144225517,0.43,38431.9668620598,0,13.7806323021886,10.4658925722957,10.4658925722957,11.7111184275538,0.85
19518,"2023","06","10",161,17.7943384256491,81.1544551892113,254.954240228508,0.281433193645661,0.01,83605.1767596036,0,14.104668983421,10.7000753814724,10.7000753814724,11.7231153006453,0.85
19519,"2023","06","11",162,17.3972386537636,80.8830219955657,254.101507701411,0.39021480853148,0.08,75327.5474916268,0,14.3893382733692,10.9328477111142,10.9328477111142,11.7348978990672,0.85
19520,"2023","06","12",163,15.6570699860506,80.5728071870342,253.126939137894,0.323065509833453,1.02,38934.7442563022,0,14.7490093514199,11.1637127206284,11.1637127206284,11.7464627313812,0.85
19521,"2023","06","13",164,16.0831080364117,88.9004581268122,279.28902615196,0.456045069937063,0,79157.0145530665,0,15.8122957402656,11.3428473377053,11.3428473377053,11.7578063706778,0.85
19522,"2023","06","14",165,14.8756976105179,88.4444130568751,277.85631831054,0.574317413452112,0.08,51989.8693767269,0,15.7910418605601,11.4864943768429,11.4864943768429,11.7689254555921,0.85
19523,"2023","06","15",166,15.5406482631846,87.950095643423,276.303374355897,0.460875991280633,0.03,63580.4035583484,0,15.7366752714538,11.6398297186914,11.6398297186914,11.7798166912991,0.85
19524,"2023","06","16",167,15.2742180313105,87.5192196521424,274.949737507082,0.192644587343903,0.91,34567.7951551243,0,15.2189481249125,11.7789607173348,11.7789607173348,11.7904768504906,0.85
19525,"2023","06","17",168,14.8987267941847,88.2365750647984,277.203376001495,0.11477727803692,0.66,36457.1119917321,0,15.4208733294449,11.888298496292,11.888298496292,11.8009027743315,0.85
